Locus tag (new)	Locus tag (old)	Protein ID	TSS Strand	TSS coordinate	PAM coordinate	PAM sequence	SGR start	SGR end	Target strand	Distance to nearest TSS	SGR sequence
ACX60_RS00055	ACX60_00055	WP_000993572.1	+	13552	13611	CCC	13612	13631	T	79	5'-ATCTGTCAAAACTAGAGCTT-3'
ACX60_RS00075	ACX60_00075		+	17934	17896	CCC	17897	17916	T	-37	5'-CATCTCAGTCCCTTTGCAAG-3'
ACX60_RS00075	ACX60_00075		+	17934	17898	CCT	17899	17918	T	-35	5'-ACCATCTCAGTCCCTTTGCA-3'
ACX60_RS00110	ACX60_00110	WP_000132725.1	+	25555	25540	AGG	25520	25539	NT	-35	5'-CAGTAAAAAGAAATAAAAAC-3'
ACX60_RS00135	ACX60_00135	WP_000055250.1	+	31943	31974	CCG	31975	31994	T	51	5'-AAACCACCTTTTTCTACAAG-3'
ACX60_RS00135	ACX60_00135	WP_000055250.1	+	31943	32023	TGG	32003	32022	NT	79	5'-TCTATGGGTTTGCCATAAAA-3'
ACX60_RS00135	ACX60_00135	WP_000055250.1	+	31943	32017	CCA	32018	32037	T	94	5'-AAGATTTTATCACCATTTTA-3'
ACX60_RS00190	ACX60_00190	WP_001271389.1	+	47067	47117	TGG	47097	47116	NT	49	5'-ATGTCAGCAGCTCCACGCAT-3'
ACX60_RS00190	ACX60_00190	WP_001271389.1	+	47067	47111	CCA	47112	47131	T	64	5'-GCACCCAAAATACCAATGCG-3'
ACX60_RS00245	ACX60_00245	WP_001113875.1	-	57116	57138	TGG	57118	57137	T	21	5'-GCTAAATTATAGCTGAAATT-3'
ACX60_RS00245	ACX60_00245	WP_001113875.1	-	57116	57187	AGG	57167	57186	T	70	5'-GAAAATGGACATATGAAAAC-3'
ACX60_RS00265	ACX60_00265	WP_000102817.1	+	59012	59032	CCG	59033	59052	T	40	5'-CGGTAGACATAAGATTTTAA-3'
ACX60_RS00265	ACX60_00265	WP_000102817.1	+	59012	59052	CCG	59053	59072	T	60	5'-CAATGGACGAAGTGAGGTCT-3'
ACX60_RS00325	ACX60_00325	WP_000353163.1	+	70108	70116	TGG	70096	70115	NT	-12	5'-AGCATCTGTTTTAAGGTAAA-3'
ACX60_RS00325	ACX60_00325	WP_000353163.1	+	70108	70143	TGG	70123	70142	NT	34	5'-TGGAGGTCCAACAAGGATGT-3'
ACX60_RS00325	ACX60_00325	WP_000353163.1	+	70108	70151	CCA	70152	70171	T	63	5'-TAAAGTTATTCCTAGATTTA-3'
ACX60_RS00320	ACX60_00320	WP_000924626.1	-	70177	70151	CCA	70152	70171	NT	-25	5'-TAAAGTTATTCCTAGATTTA-3'
ACX60_RS00345	ACX60_00345	WP_000435855.1	-	75296	75286	CCA	75287	75306	NT	-9	5'-TATAAGAACCATGAAGTAAT-3'
ACX60_RS00350	ACX60_00350	WP_000107088.1	+	75472	75536	CCT	75537	75556	T	84	5'-GATTACTCAAACCATGTTTC-3'
ACX60_RS00380	ACX60_00380	WP_000214181.1	+	82147	82217	AGG	82197	82216	NT	69	5'-GCTGATGTAAGCTCAAAGGA-3'
	sRNA1		+	95427	95489	CCT	95490	95509	T	82	5'-GTTCCACACGGGTAATACTG-3'
ACX60_RS00540	ACX60_00540	WP_000224581.1	-	117998	117956	CCA	117957	117976	NT	-41	5'-ATTAGGAAACCATTTATTTA-3'
ACX60_RS00545	ACX60_00545	WP_000787753.1	+	118097	118194	CGG	118174	118193	NT	96	5'-AGTCGCTGCAATTACGGGTG-3'
ACX60_RS00795	ACX60_00795	WP_000240697.1	+	169586	169584	CGG	169564	169583	NT	-22	5'-CTAAATATGCTAACGTATAG-3'
ACX60_RS00810	ACX60_00810	WP_000896433.1	+	172071	172112	CGG	172092	172111	NT	40	5'-AGGTGAATTATGGCGTTTTA-3'
ACX60_RS00825	ACX60_00825	WP_001154984.1	+	177269	177278	TGG	177258	177277	NT	-11	5'-ATAATAAGCCCATACTTCAT-3'
ACX60_RS00825	ACX60_00825	WP_001154984.1	+	177269	177345	TGG	177325	177344	NT	75	5'-CATAATTGTTCAACAGAACA-3'
ACX60_RS00895	ACX60_00895	WP_000752852.1	-	194290	194349	CCG	194350	194369	NT	79	5'-ACAAATCTTACAAAAAGGAA-3'
ACX60_RS00905	ACX60_00905	WP_001002959.1	+	195043	195131	AGG	195111	195130	NT	87	5'-AAAGAGTCATCATACTGAAA-3'
ACX60_RS00930	ACX60_00930	WP_001023261.1	+	200595	200595	CCA	200596	200615	T	20	5'-AGTAATCTTGAGCATAAGTA-3'
ACX60_RS00930	ACX60_00930	WP_001023261.1	+	200595	200655	CCT	200656	200675	T	80	5'-ATCAAAGCATGACGAAACAA-3'
ACX60_RS00940	ACX60_00940	WP_001089744.1	-	206000	205968	CCA	205969	205988	NT	-31	5'-ATGTAGGTCATATGAACAGC-3'
ACX60_RS00975	ACX60_00975	WP_000083355.1	-	217820	217805	TGG	217785	217804	T	-35	5'-CAGCCGCAGGGAGGTGTGAC-3'
ACX60_RS00980	ACX60_00980	WP_000826315.1	+	218035	218096	TGG	218076	218095	NT	60	5'-TTTAGATACTAGTTTTGAAT-3'
ACX60_RS00995	ACX60_00995	WP_000263328.1	+	220055	220078	AGG	220058	220077	NT	22	5'-TGAAATGGATATGACCAGAT-3'
ACX60_RS01005	ACX60_01005	WP_004833586.1	+	221372	221430	CCG	221431	221450	T	78	5'-CCGTAAAAAATATCGAAAAT-3'
ACX60_RS01010	ACX60_01010	WP_000980462.1	+	222625	222608	CGG	222588	222607	NT	-37	5'-CCGTATTTTTAGAAACGAAT-3'
ACX60_RS01035	ACX60_01035	WP_000718865.1	+	226471	226473	TGG	226453	226472	NT	-18	5'-AAACGACAAATTAAAGCCAT-3'
ACX60_RS01040	ACX60_01040	WP_001257159.1	-	229676	229697	AGG	229677	229696	T	20	5'-ACGAGCGAAATTACATGCAT-3'
	sRNA7		-	235555	235562	CCA	235563	235582	NT	27	5'-TATCATTTTTTGCGGTATCA-3'
	sRNA9		+	247300	247394	AGG	247374	247393	NT	93	5'-TCGTAGCGGTAGGGCGAGGG-3'
ACX60_RS01225	ACX60_01225	WP_000157128.1	+	260341	260321	AGG	260301	260320	NT	-40	5'-AGCGATATACTTAAAAAAGC-3'
ACX60_RS01345	ACX60_01345	WP_000060753.1	-	279152	279221	AGG	279201	279220	T	68	5'-CTCAAAATTACAATTTTCGT-3'
ACX60_RS01350	ACX60_01350	WP_002048094.1	+	279712	279687	TGG	279667	279686	NT	-45	5'-GCAAACAAGTGTGGATTTTA-3'
ACX60_RS01355	ACX60_01355	WP_025467428.1	+	282316	282334	CCT	282335	282354	T	38	5'-AATGTAACTGCCTGAAAGTG-3'
ACX60_RS01355	ACX60_01355	WP_025467428.1	+	282316	282399	CGG	282379	282398	NT	82	5'-ATAAATGGTTGTTTTTATGC-3'
ACX60_RS01360	ACX60_01360	WP_001035489.1	-	285636	285630	CCT	285631	285650	NT	-5	5'-ATTAAGATAAGGCAATATTT-3'
ACX60_RS01360	ACX60_01360	WP_001035489.1	-	285636	285641	CCT	285642	285661	NT	25	5'-TTTAAACATCTATTAAGATA-3'
ACX60_RS01400	ACX60_01400	WP_000114539.1	+	292757	292813	CCG	292814	292833	T	76	5'-TATAAGCAAACAGAATAAGA-3'
ACX60_RS01440	ACX60_01440		-	301973	301973	TGG	301953	301972	T	-20	5'-CGATAGGGACGTTTCAGAGG-3'
ACX60_RS01470	ACX60_01470	WP_000690905.1	-	307025	306976	CCT	306977	306996	NT	-48	5'-GAGACGTAATGGATACACAT-3'
ACX60_RS01470	ACX60_01470	WP_000690905.1	-	307025	306987	CCA	306988	307007	NT	-37	5'-TGTTAAATAATGAGACGTAA-3'
ACX60_RS01480	ACX60_01480	WP_000018346.1	+	308401	308353	CCT	308354	308373	T	-47	5'-AACACCAAACGGCTTTTTGT-3'
ACX60_RS01480	ACX60_01480	WP_000018346.1	+	308401	308378	CCA	308379	308398	T	-22	5'-GCACATTATCACCTTGTTTA-3'
ACX60_RS01520	ACX60_01520	WP_000736677.1	-	319391	319393	TGG	319373	319392	T	-18	5'-GATCGAATACAAACTAATTG-3'
ACX60_RS01520	ACX60_01520	WP_000736677.1	-	319391	319407	CCT	319408	319427	NT	36	5'-CTAACAATCCGCATGTCTAA-3'
ACX60_RS01610	ACX60_01610	WP_000289091.1	-	340733	340705	TGG	340685	340704	T	-48	5'-ACGACACAAGCAAACGTACA-3'
ACX60_RS01625	ACX60_01625	WP_000135049.1	-	344046	344091	CCT	344092	344111	NT	65	5'-GATTACTCCACAACCAAAAC-3'
ACX60_RS01675	ACX60_01675	WP_000260334.1	+	353656	353690	CGG	353670	353689	NT	33	5'-TTTGAAGTGTTGCCGATGGT-3'
ACX60_RS01675	ACX60_01675	WP_000260334.1	+	353656	353696	AGG	353676	353695	NT	39	5'-GTGTTGCCGATGGTCGGCGC-3'
ACX60_RS01730	ACX60_01730	WP_000077814.1	-	363765	363752	AGG	363732	363751	T	-33	5'-TCATTACGGCTCCGCTACAA-3'
ACX60_RS01735	ACX60_01735	WP_000993500.1	+	364020	364035	TGG	364015	364034	NT	-5	5'-TAGGAGTTCCTTGAACATTA-3'
ACX60_RS01735	ACX60_01735	WP_000993500.1	+	364020	364046	AGG	364026	364045	NT	25	5'-TGAACATTATGGCTTTGCTC-3'
ACX60_RS01740	ACX60_01740	WP_001189303.1	+	365594	365609	TGG	365589	365608	NT	-5	5'-AAGCTATGCCTTTTGTTTTT-3'
ACX60_RS01775	ACX60_01775	WP_000553808.1	-	373357	373401	AGG	373381	373400	T	43	5'-ACCTGAGACAAATTTTAGGC-3'
ACX60_RS01845	ACX60_01845	WP_000783285.1	-	389475	389492	AGG	389472	389491	T	-3	5'-ACGCAATCGCATCATAGCTA-3'
ACX60_RS01865	ACX60_01865	WP_000644154.1	-	392798	392795	TGG	392775	392794	T	-23	5'-CCCCAATGACTATCAAAATA-3'
ACX60_RS01925	ACX60_01925	WP_000013717.1	-	405861	405821	CCT	405822	405841	NT	-39	5'-CCTTGTAACTTATATATTTG-3'
ACX60_RS01925	ACX60_01925	WP_000013717.1	-	405861	405872	TGG	405852	405871	T	-9	5'-TCACTTGGTTAATAAGAATA-3'
ACX60_RS01925	ACX60_01925	WP_000013717.1	-	405861	405914	TGG	405894	405913	T	52	5'-AAGGTTCACAAAACTAAAAA-3'
ACX60_RS01940	ACX60_01940	WP_000550353.1	+	408765	408770	CGG	408750	408769	NT	-15	5'-ATTATAATTTCTGCTAAAGT-3'
ACX60_RS01945	ACX60_01945	WP_000166015.1	-	412064	412143	AGG	412123	412142	T	78	5'-ATCAAAAAAGGAGATTCTTT-3'
ACX60_RS01945	ACX60_01945	WP_000166015.1	-	412064	412147	TGG	412127	412146	T	82	5'-AAAAAGGAGATTCTTTAGGG-3'
ACX60_RS01955	ACX60_01955	WP_001121174.1	-	413884	413907	TGG	413887	413906	T	22	5'-TTTAAAGTATAGCGTAATGC-3'
ACX60_RS02005	ACX60_02005	WP_000888321.1	-	424037	424078	CCA	424079	424098	NT	61	5'-TTTTTTGCAAAATAGCGTAT-3'
ACX60_RS02040	ACX60_02040	WP_000045404.1	-	432396	432387	CCA	432388	432407	NT	-8	5'-AAATATTTACCCTCTGCCTT-3'
ACX60_RS02045	ACX60_02045	WP_000993136.1	+	432575	432540	CCA	432541	432560	T	-34	5'-CATAAAAAACTATTTGTACA-3'
ACX60_RS02045	ACX60_02045	WP_000993136.1	+	432575	432596	CCA	432597	432616	T	41	5'-CTTCATATTGCAGGCAAAAT-3'
ACX60_RS02045	ACX60_02045	WP_000993136.1	+	432575	432641	CCC	432642	432661	T	86	5'-GAGCAGCTCAACCAGTTCTT-3'
ACX60_RS02065	ACX60_02065	WP_001176606.1	-	437335	437326	AGG	437306	437325	T	-29	5'-GCATGATCACCAAAAACTAA-3'
ACX60_RS02090	ACX60_02090	WP_000070912.1	+	442072	442145	CCT	442146	442165	T	93	5'-AAAGGCAGTGATAATCACCA-3'
ACX60_RS02145	ACX60_02145	WP_001982634.1	+	447310	447335	CGG	447315	447334	NT	24	5'-AAATTGTGACCGGTGATGCT-3'
ACX60_RS02240	ACX60_02240	WP_001288210.1	+	458850	458894	TGG	458874	458893	NT	43	5'-AATGTCTGAAGAAATGACCT-3'
ACX60_RS02270	ACX60_02270	WP_000745518.1	-	465243	465223	CCC	465224	465243	NT	-19	5'-CTAAATTGATCGTGTGGTTA-3'
ACX60_RS02270	ACX60_02270	WP_000745518.1	-	465243	465247	CCC	465248	465267	NT	24	5'-AACAAAACCGCTTAAACTAT-3'
ACX60_RS02270	ACX60_02270	WP_000745518.1	-	465243	465279	CCA	465280	465299	NT	56	5'-CATTGTTACGTCATCAAGGT-3'
ACX60_RS02270	ACX60_02270	WP_000745518.1	-	465243	465310	TGG	465290	465309	T	66	5'-CGTAACAATGCATCAATTTT-3'
ACX60_RS02285	ACX60_02285		+	470113	470109	CGG	470089	470108	NT	-24	5'-AGTTTTAGTTTGTATTATGG-3'
ACX60_RS02285	ACX60_02285		+	470113	470170	CCT	470171	470190	T	77	5'-GAACCCTCGATACCAGTAAT-3'
ACX60_RS02350	ACX60_02350	WP_000543071.1	-	481128	481180	CCT	481181	481200	NT	72	5'-TTGTTATTAACAAGTTATAC-3'
ACX60_RS02375	ACX60_02375	WP_000122983.1	-	485514	485496	CCT	485497	485516	NT	-17	5'-GTATTCTAAAGTCTACTGAA-3'
ACX60_RS02380	ACX60_02380	WP_049594797.1	-	487032	487081	CCC	487082	487101	NT	69	5'-ATAAATCATGTGTAGCTTAT-3'
ACX60_RS02385	ACX60_02385	WP_000792526.1	+	487192	487194	AGG	487174	487193	NT	-18	5'-AATAATTAAACTATGCCTAA-3'
ACX60_RS02385	ACX60_02385	WP_000792526.1	+	487192	487197	TGG	487177	487196	NT	-15	5'-AATTAAACTATGCCTAAAGG-3'
ACX60_RS02405	ACX60_02405	WP_000334849.1	-	492132	492115	CCT	492116	492135	NT	-16	5'-GATATTGATTAAAAAGGCGA-3'
ACX60_RS02405	ACX60_02405	WP_000334849.1	-	492132	492144	CGG	492124	492143	T	-8	5'-TTAATCAATATCTTTTATAT-3'
ACX60_RS02515	ACX60_02515	WP_000110146.1	-	514957	514930	CCG	514931	514950	NT	-26	5'-AACCATACCTTGTGATATGT-3'
ACX60_RS02515	ACX60_02515	WP_000110146.1	-	514957	514959	CGG	514939	514958	T	-18	5'-CAAGGTATGGTTGTGTGAAT-3'
ACX60_RS02525	ACX60_02525	WP_000854895.1	-	515987	515945	CCT	515946	515965	NT	-41	5'-TAGCTCAAACCAACTATAAT-3'
ACX60_RS02525	ACX60_02525	WP_000854895.1	-	515987	516072	AGG	516052	516071	T	84	5'-ATCCCTAATCCGATGAATGT-3'
ACX60_RS02525	ACX60_02525	WP_000854895.1	-	515987	516063	CCG	516064	516083	NT	96	5'-TTAACATATCCTACATTCAT-3'
ACX60_RS02530	ACX60_02530	WP_000636499.1	+	516088	516072	AGG	516052	516071	NT	-36	5'-ATCCCTAATCCGATGAATGT-3'
ACX60_RS02530	ACX60_02530	WP_000636499.1	+	516088	516063	CCG	516064	516083	T	-24	5'-TTAACATATCCTACATTCAT-3'
ACX60_RS02560	ACX60_02560	WP_000456884.1	-	521796	521789	AGG	521769	521788	T	-27	5'-GTGGCTATAAATCCTGAATA-3'
ACX60_RS02595	ACX60_02595		+	527975	527947	GGG	527927	527946	NT	-48	5'-TATAAAAAGGGGTTGCAAAG-3'
ACX60_RS02665	ACX60_02665	WP_000134309.1	-	542453	542465	CCT	542466	542485	NT	32	5'-AATATCGCTAAATCATTTGT-3'
ACX60_RS02675	ACX60_02675	WP_049594798.1	+	544283	544348	AGG	544328	544347	NT	64	5'-AAAATACTTGCCACAAATAT-3'
ACX60_RS02675	ACX60_02675	WP_049594798.1	+	544283	544357	TGG	544337	544356	NT	73	5'-GCCACAAATATAGGGATTAG-3'
ACX60_RS02675	ACX60_02675	WP_049594798.1	+	544283	544340	CCA	544341	544360	T	77	5'-GCCACTAATCCCTATATTTG-3'
ACX60_RS02675	ACX60_02675	WP_049594798.1	+	544283	544377	TGG	544357	544376	NT	93	5'-TGGCGTTGATACTTTGGCTA-3'
ACX60_RS02680	ACX60_02680	WP_000762709.1	-	545899	545974	AGG	545954	545973	T	74	5'-AATTTGATGAGAAGTCGGTA-3'
ACX60_RS02705	ACX60_02705	WP_000489162.1	-	550369	550447	CCT	550448	550467	NT	98	5'-AGGATAATGTGCAAAATTTA-3'
	sRNA15		+	550474	550447	CCT	550448	550467	T	-26	5'-AGGATAATGTGCAAAATTTA-3'
	sRNA15		+	550474	550476	TGG	550456	550475	NT	-18	5'-GCACATTATCCTTTGCGTGC-3'
	sRNA15		+	550474	550490	CCA	550491	550510	T	36	5'-AATGGTCTGTCAAAACCAAC-3'
ACX60_RS02765	ACX60_02765	WP_000853614.1	+	561606	561612	CGG	561592	561611	NT	-14	5'-GTCATATAGATGTTTAGTGC-3'
ACX60_RS02765	ACX60_02765	WP_000853614.1	+	561606	561617	CCT	561618	561637	T	31	5'-AGCTCATATGAATACATTAA-3'
ACX60_RS02840	ACX60_02840	WP_000910421.1	-	581964	581944	CGG	581924	581943	T	-40	5'-CTTTTAACATGATGAAAAAA-3'
ACX60_RS02840	ACX60_02840	WP_000910421.1	-	581964	581988	TGG	581968	581987	T	23	5'-CGTCATCTTACCCGTTTCTA-3'
ACX60_RS02910	ACX60_02910	WP_000667229.1	-	594944	594959	CCT	594960	594979	NT	35	5'-AGAACTACGTCGCAGAATCA-3'
ACX60_RS02925	ACX60_02925	WP_001177138.1	-	597946	597989	TGG	597969	597988	T	42	5'-CTTTTTAATGGCTGTGCTTC-3'
ACX60_RS02930	ACX60_02930		+	598086	598107	AGG	598087	598106	NT	20	5'-CAAACATACTTCCTCTCCCG-3'
ACX60_RS02945	ACX60_02945	WP_049594875.1	+	600974	600944	CCA	600945	600964	T	-29	5'-ATGCTATTAAACGTGCGCTA-3'
	sRNA16		+	606591	606658	CCT	606659	606678	T	87	5'-AATCCCTAAGCCGTTAGCTT-3'
ACX60_RS02975	ACX60_02975	WP_000194111.1	+	608163	608210	CCA	608211	608230	T	67	5'-CTCACAGATTTTGTCATTGT-3'
ACX60_RS02990	ACX60_02990	WP_000548408.1	+	613298	613316	CCT	613317	613336	T	38	5'-TCCCTAACCCAAAAATAAAA-3'
ACX60_RS02990	ACX60_02990	WP_000548408.1	+	613298	613366	TGG	613346	613365	NT	67	5'-CATATTGTCTATGTCTCTGA-3'
ACX60_RS03040	ACX60_03040	WP_000986448.1	-	623911	623944	CCA	623945	623964	NT	53	5'-GTTTTTTGATCTAGTTCTTG-3'
ACX60_RS03090	ACX60_03090	WP_005119692.1	+	634884	634939	CGG	634919	634938	NT	54	5'-TACGTGTTCCCATAGCCTTG-3'
ACX60_RS03160	ACX60_03160	WP_000088559.1	+	650120	650154	CCA	650155	650174	T	54	5'-ATTGAACAGGTCTAACGTTA-3'
ACX60_RS03200	ACX60_03200	WP_000757175.1	+	659892	659937	CCT	659938	659957	T	65	5'-GCAAGAACAGTTAAAAATAA-3'
ACX60_RS03230	ACX60_03230	WP_001280986.1	-	665482	665502	AGG	665482	665501	T	0	5'-AGTCTATTTATAGCATATTT-3'
ACX60_RS03230	ACX60_03230	WP_001280986.1	-	665482	665509	AGG	665489	665508	T	26	5'-TTATAGCATATTTAGGTATA-3'
ACX60_RS03245	ACX60_03245	WP_000085721.1	-	670246	670219	TGG	670199	670218	T	-47	5'-GACCGTCTAAAAAAATAAAT-3'
ACX60_RS03265	ACX60_03265	WP_000281766.1	+	675585	675583	CCG	675584	675603	T	-1	5'-TAGTAGATTCATTATTAAGG-3'
ACX60_RS03265	ACX60_03265	WP_000281766.1	+	675585	675614	CCA	675615	675634	T	49	5'-GAAATCGGTATATAAATACA-3'
ACX60_RS03285	ACX60_03285	WP_000129971.1	-	680009	680011	CCT	680012	680031	NT	22	5'-CATTTTGCAATATACTGCTT-3'
ACX60_RS03320	ACX60_03320	WP_000070856.1	-	687749	687735	CCG	687736	687755	NT	-13	5'-AGCGCCAATTTGCGAAATTG-3'
ACX60_RS03320	ACX60_03320	WP_000070856.1	-	687749	687801	TGG	687781	687800	T	51	5'-CAAAACGAAATACAGACTAT-3'
ACX60_RS03325	ACX60_03325	WP_001280092.1	+	687872	687951	CGG	687931	687950	NT	78	5'-ATTATTGCGCACGTCGACCA-3'
ACX60_RS03375	ACX60_03375	WP_000850467.1	-	698921	698923	TGG	698903	698922	T	-18	5'-TTTTCTCTTAGATTACAACA-3'
ACX60_RS03385	ACX60_03385	WP_000190594.1	+	699941	699973	AGG	699953	699972	NT	31	5'-ACTTAAATGGACTTAAAATA-3'
ACX60_RS03460	ACX60_03460	WP_000757214.1	-	719048	719028	CCG	719029	719048	NT	-19	5'-ACTTCATTATTAAATTTATA-3'
ACX60_RS03460	ACX60_03460	WP_000757214.1	-	719048	719124	AGG	719104	719123	T	75	5'-CGTTATAAATTGTTTCTATA-3'
ACX60_RS03510	ACX60_03510	WP_001198160.1	-	723034	722994	CCA	722995	723014	NT	-39	5'-ACACAATGCAAGTCAGTAAG-3'
ACX60_RS03530	ACX60_03530	WP_000003696.1	+	728788	728836	CCC	728837	728856	T	68	5'-GCCAATAGAATATTGACGCT-3'
ACX60_RS03550	ACX60_03550	WP_000811534.1	+	733469	733563	TGG	733543	733562	NT	93	5'-CCATGAAACAGCTTAAATTG-3'
ACX60_RS03580	ACX60_03580	WP_000086443.1	+	741741	741762	CCT	741763	741782	T	41	5'-GCATAAAGATGACGTGACAT-3'
ACX60_RS03635	ACX60_03635	WP_001247586.1	-	752864	752831	CCC	752832	752851	NT	-32	5'-TCTAATAAGAGCTCAGTTAA-3'
ACX60_RS03645	ACX60_03645	WP_000406996.1	+	753847	753902	CCT	753903	753922	T	75	5'-CTAAAACTCCTTCAAGATCT-3'
ACX60_RS03650	ACX60_03650	WP_000768258.1	-	756198	756197	CCA	756198	756217	NT	0	5'-ATTATGCTATTTTTGTTACA-3'
ACX60_RS03650	ACX60_03650	WP_000768258.1	-	756198	756276	TGG	756256	756275	T	77	5'-CTCACTTTTTATACAAAAAA-3'
ACX60_RS03675	ACX60_03675	WP_000426931.1	+	760721	760686	CCT	760687	760706	T	-34	5'-CACATGATAATGACAAACTT-3'
ACX60_RS03700	ACX60_03700	WP_002016863.1	-	766410	766462	AGG	766442	766461	T	51	5'-GCCTAGACTACAATTGAACA-3'
ACX60_RS03700	ACX60_03700	WP_002016863.1	-	766410	766445	CCT	766446	766465	NT	55	5'-CCCTTGTTCAATTGTAGTCT-3'
ACX60_RS03705	ACX60_03705	WP_000011487.1	+	766588	766634	CCC	766635	766654	T	66	5'-TACATCAATCGTATTGACGC-3'
ACX60_RS03710	ACX60_03710	WP_000097113.1	+	768060	768139	CGG	768119	768138	NT	78	5'-ATCACTCTCTCAAGTTAATG-3'
ACX60_RS03725	ACX60_03725	WP_000397565.1	-	770918	770926	CCA	770927	770946	NT	28	5'-CTCTCCATCATCTGCTACAG-3'
ACX60_RS03725	ACX60_03725	WP_000397565.1	-	770918	770949	TGG	770929	770948	T	30	5'-GTAGCAGATGATGGAGAGTG-3'
ACX60_RS03725	ACX60_03725	WP_000397565.1	-	770918	770981	AGG	770961	770980	T	62	5'-AACCACCTCAATTAAAATTT-3'
ACX60_RS03760	ACX60_03760	WP_000559381.1	+	778345	778341	CGG	778321	778340	NT	-24	5'-GCAATCATAATTTAAAATTT-3'
ACX60_RS03840	ACX60_03840	WP_002004370.1	-	798423	798425	CCG	798426	798445	NT	22	5'-ACTGGCAAGTACACTTTCAA-3'
ACX60_RS03875	ACX60_03875	WP_001177767.1	+	803691	803657	CCC	803658	803677	T	-33	5'-CAAAGCGTAAGTTTAAGACG-3'
ACX60_RS03875	ACX60_03875	WP_001177767.1	+	803691	803687	AGG	803667	803686	NT	-24	5'-CTTACGCTTTGTATAGTGGT-3'
ACX60_RS03875	ACX60_03875	WP_001177767.1	+	803691	803776	CGG	803756	803775	NT	84	5'-GCTGCCATGGTTGCGGTGAG-3'
ACX60_RS03905	ACX60_03905	WP_001984857.1	-	810500	810517	CCT	810518	810537	NT	37	5'-CTGACAATTTGCATCAATTT-3'
ACX60_RS03905	ACX60_03905	WP_001984857.1	-	810500	810546	TGG	810526	810545	T	45	5'-GCAAATTGTCAGTACTTTCG-3'
ACX60_RS03985	ACX60_03985	WP_001984866.1	+	825373	825435	TGG	825415	825434	NT	61	5'-CATATATTAATAGATAAAAT-3'
ACX60_RS04015	ACX60_04015	WP_000146246.1	+	835244	835257	CCT	835258	835277	T	33	5'-CCACTTGCCATTTCTTATCC-3'
ACX60_RS04070	ACX60_04070	WP_000116197.1	+	855189	855198	CCT	855199	855218	T	29	5'-AACAGACATGTATTTCACCA-3'
ACX60_RS04085	ACX60_04085	WP_000106446.1	-	860933	860959	CCT	860960	860979	NT	46	5'-GAAAATAAATAGACTTTTTA-3'
ACX60_RS04100	ACX60_04100	WP_000729551.1	-	862681	862751	TGG	862731	862750	T	69	5'-AAATAATCGATCAACATTAT-3'
ACX60_RS04105	ACX60_04105	WP_000235573.1	+	862830	862881	CCA	862882	862901	T	71	5'-GACTACTTTTAGACAATTTT-3'
ACX60_RS04105	ACX60_04105	WP_000235573.1	+	862830	862907	TGG	862887	862906	NT	76	5'-TGTCTAAAAGTAGTCGTGCG-3'
ACX60_RS04115	ACX60_04115	WP_001176046.1	+	865649	865661	CCG	865662	865681	T	32	5'-ATTAACTGCATAAAAAGCTC-3'
ACX60_RS04145	ACX60_04145		-	869718	869709	CCT	869710	869729	NT	-8	5'-ATATGTGCATCACCAAATGC-3'
ACX60_RS04150	ACX60_04150	WP_001229846.1	+	869830	869878	CGG	869858	869877	NT	47	5'-GCTGTGGCATTGGTTTTAGA-3'
ACX60_RS04165	ACX60_04165	WP_000228302.1	-	873577	873573	AGG	873553	873572	T	-24	5'-CGTTTTTACATATTATCTAC-3'
ACX60_RS04165	ACX60_04165	WP_000228302.1	-	873577	873554	CCG	873555	873574	NT	-22	5'-CTGTAGATAATATGTAAAAA-3'
ACX60_RS04165	ACX60_04165	WP_000228302.1	-	873577	873631	AGG	873611	873630	T	53	5'-AATGTTTATTATTTAAGCAA-3'
ACX60_RS04215	ACX60_04215	WP_000488521.1	-	886053	886101	TGG	886081	886100	T	47	5'-CTGGTTTTTTATTGGTTTGT-3'
ACX60_RS04230	ACX60_04230	WP_000984535.1	-	890999	891045	AGG	891025	891044	T	45	5'-AAAAATTCAAGAAAAAAATA-3'
ACX60_RS04245	ACX60_04245	WP_001110719.1	+	893605	893638	AGG	893618	893637	NT	32	5'-TCACACGATGTTGTCTGGAT-3'
ACX60_RS04255	ACX60_04255	WP_000841361.1	+	895603	895630	TGG	895610	895629	NT	26	5'-ACCCTTATGTTGTTAATCAG-3'
ACX60_RS04260	ACX60_04260		+	896223	896225	TGG	896205	896224	NT	-18	5'-GTTTATATTATAGCGCTCGT-3'
ACX60_RS04260	ACX60_04260		+	896223	896254	CGG	896234	896253	NT	30	5'-GGCAGAGCGGTTTAATGCAC-3'
ACX60_RS04260	ACX60_04260		+	896223	896272	AGG	896252	896271	NT	48	5'-ACCGGTCTTGAAAACCGACG-3'
ACX60_RS04260	ACX60_04260		+	896223	896255	CCG	896256	896275	T	52	5'-CCCTCGTCGGTTTTCAAGAC-3'
ACX60_RS04260	ACX60_04260		+	896223	896268	CCG	896269	896288	T	65	5'-CGGAGGACTCACACCCTCGT-3'
ACX60_RS04260	ACX60_04260		+	896223	896288	CCG	896289	896308	T	85	5'-AGCGGTGAGATTCGAACTCA-3'
ACX60_RS04280	ACX60_04280	WP_001054060.1	-	902566	902550	GGG	902530	902549	T	-36	5'-ATATGAACCTCTTTGAGAAG-3'
	sRNA24		+	907526	907622	CGG	907602	907621	NT	95	5'-CCCTCGTGCCCCCTCTGCGG-3'
ACX60_RS04355	ACX60_04355	WP_000370438.1	+	913858	913868	CGG	913848	913867	NT	-10	5'-TATTATAAGAACGGTTGAGC-3'
ACX60_RS04355	ACX60_04355	WP_000370438.1	+	913858	913915	CGG	913895	913914	NT	56	5'-AAAAAGTGGACTCTACTCAT-3'
ACX60_RS04370	ACX60_04370	WP_000706087.1	+	917874	917862	AGG	917842	917861	NT	-32	5'-TGTACTTTGCCACAACTCAA-3'
ACX60_RS04370	ACX60_04370	WP_000706087.1	+	917874	917853	CCA	917854	917873	T	-20	5'-CGTTATTATCCTTTGAGTTG-3'
ACX60_RS04390	ACX60_04390	WP_000070815.1	+	922774	922767	CGG	922747	922766	NT	-27	5'-TAGGTTCTTGTGCGTATTAT-3'
ACX60_RS04395	ACX60_04395	WP_001255202.1	+	924462	924475	AGG	924455	924474	NT	-7	5'-TGCATCGAATTGTTTAAATC-3'
ACX60_RS04475	ACX60_04475	WP_001203181.1	+	943118	943094	CCT	943095	943114	T	-23	5'-ATTTAACCACAGATTGCTTA-3'
ACX60_RS04480	ACX60_04480	WP_000795877.1	-	945444	945429	TGG	945409	945428	T	-35	5'-TTCATAGGTACGATTGATGT-3'
ACX60_RS04485	ACX60_04485	WP_000936552.1	+	945664	945729	CCT	945730	945749	T	85	5'-ATGACTTCACGCAAAATTTT-3'
ACX60_RS04515	ACX60_04515	WP_001286612.1	+	952797	952809	TGG	952789	952808	NT	-8	5'-TGACATCATTTCGATTGATT-3'
ACX60_RS04515	ACX60_04515	WP_001286612.1	+	952797	952858	CCT	952859	952878	T	81	5'-CCGTTCTGTTTAGGGGTTAT-3'
ACX60_RS04530	ACX60_04530	WP_000071984.1	-	956448	956441	CCG	956442	956461	NT	-6	5'-GTTATAATCTGCCGCCAATG-3'
ACX60_RS04575	ACX60_04575	WP_049594876.1	-	966512	966514	TGG	966494	966513	T	-18	5'-AAATGAGTCAGATAAATACG-3'
ACX60_RS04575	ACX60_04575	WP_049594876.1	-	966512	966538	CCG	966539	966558	NT	46	5'-GTAAGATAATTTTTATTTTT-3'
ACX60_RS04575	ACX60_04575	WP_049594876.1	-	966512	966591	CCC	966592	966611	NT	99	5'-AACAACATACCACGTAAAAT-3'
ACX60_RS04580	ACX60_04580	WP_000208542.1	+	966615	966591	CCC	966592	966611	T	-23	5'-AACAACATACCACGTAAAAT-3'
ACX60_RS04580	ACX60_04580	WP_000208542.1	+	966615	966636	AGG	966616	966635	NT	20	5'-TAACAAAGGAATGTAGATTT-3'
ACX60_RS04580	ACX60_04580	WP_000208542.1	+	966615	966675	CCC	966676	966695	T	80	5'-GATTGGTTCACCTGCTGTTG-3'
ACX60_RS04610	ACX60_04610	WP_001273591.1	-	971960	971980	TGG	971960	971979	T	0	5'-AGATTGCATACTAAGTCCTA-3'
ACX60_RS04820	ACX60_04820	WP_000977276.1	+	1027360	1027347	CCT	1027348	1027367	T	-12	5'-CCAACAGCAATCCAAGCATA-3'
ACX60_RS04875	ACX60_04875	WP_000866520.1	+	1034421	1034481	AGG	1034461	1034480	NT	59	5'-AAAAACAGAGCCTTTTCTTA-3'
ACX60_RS04930	ACX60_04930	WP_000367540.1	-	1045849	1045866	CCT	1045867	1045886	NT	37	5'-TCTTGCCTTTTTAGGTAAAA-3'
ACX60_RS04935	ACX60_04935	WP_000842416.1	+	1046023	1046059	CCG	1046060	1046079	T	56	5'-GTAAATAGCGAGATTTCATT-3'
ACX60_RS04935	ACX60_04935	WP_000842416.1	+	1046023	1046098	CGG	1046078	1046097	NT	74	5'-ACAACAAGGAATGTATGCAG-3'
ACX60_RS05010	ACX60_05010	WP_000795395.1	-	1058369	1058457	TGG	1058437	1058456	T	87	5'-GTTTATAAACTTGTAAAATT-3'
ACX60_RS05030	ACX60_05030	WP_000383206.1	-	1064490	1064561	AGG	1064541	1064560	T	70	5'-GATGTAAAAAAGTTTAATTT-3'
ACX60_RS05030	ACX60_05030	WP_000383206.1	-	1064490	1064577	CGG	1064557	1064576	T	86	5'-ATTTAGGAAAGATCTTGTTG-3'
ACX60_RS05035	ACX60_05035	WP_000139632.1	+	1064639	1064696	TGG	1064676	1064695	NT	56	5'-GCCAAAACAGAAAAAGGCTT-3'
ACX60_RS05035	ACX60_05035	WP_000139632.1	+	1064639	1064709	CCA	1064710	1064729	T	90	5'-CTTTCATTCGGCATTGGAAA-3'
ACX60_RS05060	ACX60_05060	WP_000912037.1	+	1070234	1070273	AGG	1070253	1070272	NT	38	5'-AAAGAGGTTAGTGATGTTAA-3'
ACX60_RS05115	ACX60_05115	WP_005134903.1	+	1082107	1082128	CCC	1082129	1082148	T	41	5'-TAAATTAGACTTATTAGGGA-3'
ACX60_RS05150	ACX60_05150	WP_000063719.1	-	1091793	1091778	CCC	1091779	1091798	NT	-14	5'-ATAGAGTTAATTTATTTTTA-3'
ACX60_RS05165	ACX60_05165	WP_000667907.1	-	1095237	1095226	CGG	1095206	1095225	T	-31	5'-TTGACGTTTACTGGCAAATA-3'
ACX60_RS05175	ACX60_05175	WP_000896679.1	+	1097392	1097464	GGG	1097444	1097463	NT	71	5'-AAAACTCAATTCAACGGAAG-3'
ACX60_RS05210	ACX60_05210	WP_001025081.1	+	1105741	1105725	TGG	1105705	1105724	NT	-36	5'-TAGTTTATATAGGCCGGCTA-3'
ACX60_RS05210	ACX60_05210	WP_001025081.1	+	1105741	1105807	TGG	1105787	1105806	NT	65	5'-ACCCTTAATCATCAATATTG-3'
ACX60_RS05210	ACX60_05210	WP_001025081.1	+	1105741	1105790	CCC	1105791	1105810	T	69	5'-ACCACAATATTGATGATTAA-3'
ACX60_RS05215	ACX60_05215	WP_000784951.1	+	1107301	1107366	TGG	1107346	1107365	NT	64	5'-TTTACCAAAGAGTTATTTCG-3'
ACX60_RS05215	ACX60_05215	WP_000784951.1	+	1107301	1107352	CCA	1107353	1107372	T	71	5'-ATTTCCACGAAATAACTCTT-3'
ACX60_RS05215	ACX60_05215	WP_000784951.1	+	1107301	1107375	CCG	1107376	1107395	T	94	5'-TTTCCAACAATCACAGCAGC-3'
ACX60_RS05215	ACX60_05215	WP_000784951.1	+	1107301	1107400	TGG	1107380	1107399	NT	98	5'-CTGTGATTGTTGGAAAAGAG-3'
ACX60_RS05240	ACX60_05240	WP_000993528.1	+	1113836	1113881	CCC	1113882	1113901	T	65	5'-GTTTCATGATTAAAATTTAC-3'
ACX60_RS05245	ACX60_05245	WP_001214807.1	+	1114340	1114326	CCG	1114327	1114346	T	-13	5'-TAAAAACTTCGCTAGTATAA-3'
ACX60_RS05260	ACX60_05260	WP_001279315.1	+	1117183	1117180	CCC	1117181	1117200	T	-2	5'-AGGCAAGATGAAAAACAAGC-3'
ACX60_RS05305	ACX60_05305	WP_000117540.1	+	1127817	1127902	AGG	1127882	1127901	NT	84	5'-GTTTTTTTTCTTGCAAAATT-3'
ACX60_RS05385	ACX60_05385	WP_000741966.1	-	1150043	1150019	CCA	1150020	1150039	NT	-23	5'-AAATTCATGGTGCTTTTTTA-3'
ACX60_RS05385	ACX60_05385	WP_000741966.1	-	1150043	1150072	TGG	1150052	1150071	T	28	5'-ATACGAAATTTAGGGGTTTT-3'
ACX60_RS05385	ACX60_05385	WP_000741966.1	-	1150043	1150131	CGG	1150111	1150130	T	87	5'-ACTCTATCGTTTGAAAAACT-3'
ACX60_RS05400	ACX60_05400	WP_000749411.1	-	1152511	1152546	TGG	1152526	1152545	T	34	5'-CAATTTAAACGCTAAAAAAA-3'
ACX60_RS05420	ACX60_05420	WP_000886768.1	+	1154856	1154833	AGG	1154813	1154832	NT	-43	5'-TTAGCTAATGCATTAAATAT-3'
ACX60_RS05420	ACX60_05420	WP_000886768.1	+	1154856	1154917	CCT	1154918	1154937	T	81	5'-GCACGAAGCTGATCTAACAT-3'
ACX60_RS05425	ACX60_05425	WP_000192286.1	-	1158556	1158550	AGG	1158530	1158549	T	-26	5'-TATCCAGCAAAAGAAAACGA-3'
ACX60_RS05430	ACX60_05430	WP_000428311.1	+	1158680	1158691	TGG	1158671	1158690	NT	-9	5'-ATAGGCGCATTTATAATTTA-3'
ACX60_RS05440	ACX60_05440	WP_005134928.1	+	1161359	1161344	CCC	1161345	1161364	T	-14	5'-GGTCAAGCCTTCATCATACT-3'
ACX60_RS05440	ACX60_05440	WP_005134928.1	+	1161359	1161365	CCA	1161366	1161385	T	26	5'-CAGTTGATAAATTGACCATT-3'
ACX60_RS05445	ACX60_05445	WP_001200845.1	+	1162426	1162408	TGG	1162388	1162407	NT	-38	5'-ATTCGCAAAAAAAATTTATA-3'
ACX60_RS05445	ACX60_05445	WP_001200845.1	+	1162426	1162462	TGG	1162442	1162461	NT	35	5'-TCTAACCCTTGAGGTTTCGG-3'
ACX60_RS05445	ACX60_05445	WP_001200845.1	+	1162426	1162485	TGG	1162465	1162484	NT	58	5'-GCCAAAAGAATGGTCTGTTG-3'
ACX60_RS05550	ACX60_05550	WP_001069952.1	+	1187590	1187560	CCG	1187561	1187580	T	-29	5'-TATGACACATATTTCAGATT-3'
ACX60_RS05550	ACX60_05550	WP_001069952.1	+	1187590	1187663	TGG	1187643	1187662	NT	72	5'-ATTGTGAATCCGTCTTTACC-3'
ACX60_RS05550	ACX60_05550	WP_001069952.1	+	1187590	1187654	CCG	1187655	1187674	T	84	5'-ACATAGGTTCCAGGTAAAGA-3'
ACX60_RS05550	ACX60_05550	WP_001069952.1	+	1187590	1187683	TGG	1187663	1187682	NT	92	5'-TGGAACCTATGTCAGCCTTA-3'
	sRNA26		+	1192727	1192760	CCG	1192761	1192780	T	53	5'-TCTGATGCGATCTTTCATCA-3'
ACX60_RS05690	ACX60_05690	WP_000209395.1	+	1225119	1225138	CGG	1225118	1225137	NT	-1	5'-CACATGAAAAAGATAGAGAT-3'
ACX60_RS05745	ACX60_05745	WP_000178441.1	-	1239324	1239351	CCA	1239352	1239371	NT	47	5'-TATCGAACAGCAAAAATCTT-3'
ACX60_RS05760	ACX60_05760	WP_000925673.1	-	1245898	1245983	AGG	1245963	1245982	T	84	5'-AAAAAGGGCTTTAAGAGGTG-3'
ACX60_RS05790	ACX60_05790	WP_000830603.1	+	1253140	1253191	CGG	1253171	1253190	NT	50	5'-AAAAAGGATATTCTATGAAA-3'
ACX60_RS05805	ACX60_05805		-	1255543	1255566	AGG	1255546	1255565	T	22	5'-AAAGGGATTTTAGGCAGGAA-3'
ACX60_RS05805	ACX60_05805		-	1255543	1255584	CCT	1255585	1255604	NT	61	5'-TCTCTCTAATTCTGCCATTA-3'
ACX60_RS05815	ACX60_05815		-	1255881	1255861	CCG	1255862	1255881	NT	-19	5'-AGATTCTCCAATAGCTCAGT-3'
ACX60_RS05820	ACX60_05820	WP_000208082.1	-	1256689	1256720	AGG	1256700	1256719	T	30	5'-TAAATGATTCTGGATGCAAT-3'
ACX60_RS05820	ACX60_05820	WP_000208082.1	-	1256689	1256729	CCT	1256730	1256749	NT	60	5'-ATTGTGTATAGTTCTTTAAA-3'
ACX60_RS05830	ACX60_05830	WP_001254962.1	+	1257675	1257775	TGG	1257755	1257774	NT	99	5'-GCACCTTTACATGGTTACCT-3'
ACX60_RS05850	ACX60_05850	WP_001078589.1	-	1266525	1266548	AGG	1266528	1266547	T	22	5'-TACAAAATTAATTTAAACCA-3'
ACX60_RS05850	ACX60_05850	WP_001078589.1	-	1266525	1266581	TGG	1266561	1266580	T	55	5'-GCTGACGAGTTGGTTCGACT-3'
ACX60_RS05865	ACX60_05865	WP_001196988.1	+	1269025	1269114	TGG	1269094	1269113	NT	88	5'-TGGCCTTTTTGCAGTTTGGA-3'
ACX60_RS05865	ACX60_05865	WP_001196988.1	+	1269025	1269099	CCT	1269100	1269119	T	94	5'-GTACCATCCAAACTGCAAAA-3'
ACX60_RS05880	ACX60_05880	WP_001289259.1	-	1273900	1273984	AGG	1273964	1273983	T	83	5'-ATGTGGCTATTCAGAAATAT-3'
ACX60_RS05885	ACX60_05885	WP_001137505.1	+	1274044	1274053	AGG	1274033	1274052	NT	-11	5'-AAAATATGGTCATTCAACAG-3'
ACX60_RS05885	ACX60_05885	WP_001137505.1	+	1274044	1274117	CGG	1274097	1274116	NT	72	5'-GAATTTCGTTAAGTACGATG-3'
ACX60_RS05910	ACX60_05910	WP_001089491.1	-	1281051	1281127	TGG	1281107	1281126	T	75	5'-TTACGAAGAATTTTGATAGG-3'
ACX60_RS05950	ACX60_05950	WP_001177236.1	-	1287365	1287365	TGG	1287345	1287364	T	-20	5'-CACTTTTGCAATTGCTTGAT-3'
ACX60_RS05960	ACX60_05960	WP_000075224.1	-	1289754	1289751	TGG	1289731	1289750	T	-23	5'-ACTAAAGGTCAATCAGTGCT-3'
ACX60_RS05995	ACX60_05995	WP_001147935.1	-	1294825	1294871	AGG	1294851	1294870	T	45	5'-GCACTTTAAAACCTGAAGTG-3'
ACX60_RS06025	ACX60_06025	WP_002000718.1	+	1303814	1303867	AGG	1303847	1303866	NT	52	5'-GCACTAGAAAATGCATTAAT-3'
ACX60_RS06070	ACX60_06070	WP_000117587.1	+	1312121	1312140	CCA	1312141	1312160	T	39	5'-TGATTTTGTAATTTAAAATA-3'
ACX60_RS06155	ACX60_06155	WP_000035924.1	-	1331615	1331666	AGG	1331646	1331665	T	50	5'-AATAAAGTGATCTTATACAA-3'
ACX60_RS06160	ACX60_06160	WP_000606364.1	+	1331741	1331695	CCC	1331696	1331715	T	-45	5'-GTTAGGCAATATGGGTGTAT-3'
ACX60_RS06160	ACX60_06160	WP_000606364.1	+	1331741	1331727	CCG	1331728	1331747	T	-13	5'-AACGAGAGTATAACAATAGT-3'
ACX60_RS06240	ACX60_06240	WP_001285359.1	-	1348509	1348530	CGG	1348510	1348529	T	20	5'-AAGTTCATCTTAATTTGAAT-3'
ACX60_RS06250	ACX60_06250	WP_000126912.1	+	1349044	1349027	CCC	1349028	1349047	T	-16	5'-AAACGGTTCGAGCTTAACAC-3'
ACX60_RS06255	ACX60_06255	WP_000200418.1	+	1349509	1349484	GGG	1349464	1349483	NT	-45	5'-ACGCTCCAATTTTTGAATTG-3'
ACX60_RS06255	ACX60_06255	WP_000200418.1	+	1349509	1349565	CCT	1349566	1349585	T	76	5'-AAGTTGCGGATGTAAATTCA-3'
ACX60_RS06255	ACX60_06255	WP_000200418.1	+	1349509	1349590	AGG	1349570	1349589	NT	80	5'-TTTACATCCGCAACTTAAAA-3'
ACX60_RS06255	ACX60_06255	WP_000200418.1	+	1349509	1349606	AGG	1349586	1349605	NT	96	5'-AAAAAGGCGATTGATGCTTT-3'
ACX60_RS06265	ACX60_06265	WP_000132181.1	+	1351282	1351267	CGG	1351247	1351266	NT	-35	5'-TAGATTCAATGGTGGATTAA-3'
ACX60_RS06275	ACX60_06275	WP_001177595.1	+	1353037	1353047	AGG	1353027	1353046	NT	-10	5'-TAATGCAGGAATTGTTTACA-3'
ACX60_RS06275	ACX60_06275	WP_001177595.1	+	1353037	1353104	TGG	1353084	1353103	NT	66	5'-GAAGCTGCTCCGCCAGTAAA-3'
ACX60_RS06305	ACX60_06305	WP_000335877.1	+	1358544	1358551	TGG	1358531	1358550	NT	-13	5'-ATGGTCCATCACTATGTGTT-3'
ACX60_RS06335	ACX60_06335	WP_000636264.1	+	1364571	1364615	AGG	1364595	1364614	NT	43	5'-GCAGTTTTGATGATTGTTTT-3'
ACX60_RS06335	ACX60_06335	WP_000636264.1	+	1364571	1364620	TGG	1364600	1364619	NT	48	5'-TTTGATGATTGTTTTAGGCT-3'
ACX60_RS06335	ACX60_06335	WP_000636264.1	+	1364571	1364647	TGG	1364627	1364646	NT	75	5'-TTCTTGTGATGAAACAGGGT-3'
ACX60_RS06510	ACX60_06510	WP_000437833.1	-	1396201	1396259	CCA	1396260	1396279	NT	78	5'-GAACTCCATCACAATTTTGA-3'
	sRNA30		+	1396374	1396373	CCT	1396374	1396393	T	0	5'-TCTTCATTCGTTTTTGTTAT-3'
ACX60_RS06565	ACX60_06565	WP_000894315.1	-	1407649	1407738	AGG	1407718	1407737	T	88	5'-AGAAGATATAGATAAGCTTT-3'
ACX60_RS06570	ACX60_06570	WP_000848685.1	+	1407735	1407738	AGG	1407718	1407737	NT	-17	5'-AGAAGATATAGATAAGCTTT-3'
ACX60_RS06570	ACX60_06570	WP_000848685.1	+	1407735	1407784	CGG	1407764	1407783	NT	48	5'-AAAACAATCGGTTTACTCGG-3'
ACX60_RS06605	ACX60_06605	WP_000758190.1	-	1415777	1415814	GGG	1415794	1415813	T	36	5'-TTTACTCGAATTTTTTAAAG-3'
ACX60_RS06620	ACX60_06620	WP_000614025.1	-	1418768	1418758	CCT	1418759	1418778	NT	-9	5'-TAATAGCTGCAACGCGAAAC-3'
ACX60_RS06620	ACX60_06620	WP_000614025.1	-	1418768	1418811	TGG	1418791	1418810	T	42	5'-GCTTGCGTGAGGTAGCTGAT-3'
ACX60_RS06630	ACX60_06630	WP_001024112.1	-	1421248	1421283	AGG	1421263	1421282	T	34	5'-GGAAAACCCTCCTGAATAAA-3'
ACX60_RS06630	ACX60_06630	WP_001024112.1	-	1421248	1421292	AGG	1421272	1421291	T	43	5'-TCCTGAATAAAAGGAGGGTT-3'
ACX60_RS06650	ACX60_06650	WP_000871703.1	-	1425408	1425448	CGG	1425428	1425447	T	39	5'-GAGTAGTTTAAAAAAGAAAA-3'
ACX60_RS06695	ACX60_06695	WP_000075891.1	-	1435852	1435815	CCT	1435816	1435835	NT	-36	5'-TGTGTACACATTTTATCATC-3'
ACX60_RS06735	ACX60_06735	WP_001250043.1	-	1442280	1442273	CCG	1442274	1442293	NT	-6	5'-CATAATGCCCTACAACGTAG-3'
ACX60_RS06755	ACX60_06755	WP_000913293.1	+	1447021	1447091	CCA	1447092	1447111	T	90	5'-TGAGCAGCGTATAAATGAAT-3'
ACX60_RS06790	ACX60_06790	WP_000772604.1	-	1456173	1456155	TGG	1456135	1456154	T	-38	5'-AAAACACTTCTCTTTAAATG-3'
ACX60_RS06790	ACX60_06790	WP_000772604.1	-	1456173	1456164	CCT	1456165	1456184	NT	-8	5'-AAACTCCAATAATCGAATGA-3'
ACX60_RS06835	ACX60_06835	WP_000083686.1	-	1465878	1465921	GGG	1465901	1465920	T	42	5'-TGTGAGAAGTAATGTAATAG-3'
ACX60_RS06890	ACX60_06890	WP_000789247.1	+	1478795	1478753	CCT	1478754	1478773	T	-41	5'-TGACCATCTCACCAAATTTA-3'
ACX60_RS06935	ACX60_06935	WP_049594820.1	-	1495325	1495311	AGG	1495291	1495310	T	-34	5'-CGCCATAATAAATTAATAAA-3'
ACX60_RS06935	ACX60_06935	WP_049594820.1	-	1495325	1495295	CCA	1495296	1495315	NT	-29	5'-TTCCTTTTATTAATTTATTA-3'
ACX60_RS06935	ACX60_06935	WP_049594820.1	-	1495325	1495335	AGG	1495315	1495334	T	-10	5'-AACTCAAAAAAGAAAGTATA-3'
ACX60_RS06935	ACX60_06935	WP_049594820.1	-	1495325	1495349	CCA	1495350	1495369	NT	44	5'-ATTCTAGTTTTTTATTATTT-3'
ACX60_RS06935	ACX60_06935	WP_049594820.1	-	1495325	1495398	CGG	1495378	1495397	T	72	5'-GAAGTTTGCACATTTAAAAC-3'
ACX60_RS06945	ACX60_06945	WP_001080970.1	+	1496058	1496092	CCT	1496093	1496112	T	54	5'-ATTATTTCTGGATCCTAATT-3'
ACX60_RS07070	ACX60_07070	WP_000874704.1	-	1521377	1521430	CCA	1521431	1521450	NT	73	5'-ACTAATATCAAGTCGGTATT-3'
ACX60_RS07070	ACX60_07070	WP_000874704.1	-	1521377	1521437	CCG	1521438	1521457	NT	80	5'-ATCAATAACTAATATCAAGT-3'
ACX60_RS07090	ACX60_07090	WP_001207852.1	-	1525836	1525815	CCG	1525816	1525835	NT	-20	5'-TCATGATTAATTTAAACGTT-3'
ACX60_RS07125	ACX60_07125	WP_001279998.1	+	1534650	1534695	AGG	1534675	1534694	NT	44	5'-AAACAGGCAATTAAAAATAA-3'
ACX60_RS07140	ACX60_07140	WP_000932088.1	+	1536891	1536980	TGG	1536960	1536979	NT	88	5'-GGTTAAAGTAGCGACTACAG-3'
	sRNA32		+	1538124	1538111	CCA	1538112	1538131	T	-12	5'-CGATGCATAGAAATAGTGTA-3'
	sRNA32		+	1538124	1538140	TGG	1538120	1538139	NT	-4	5'-TTCTATGCATCGGACTCTAC-3'
	sRNA32		+	1538124	1538181	AGG	1538161	1538180	NT	56	5'-CAAAGAGCACTGTTTCAGTA-3'
	sRNA33		+	1539393	1539489	CGG	1539469	1539488	NT	95	5'-ATCCCTGCGTGCCCCCTCTG-3'
	sRNA33		+	1539393	1539492	CGG	1539472	1539491	NT	98	5'-CCTGCGTGCCCCCTCTGCGG-3'
ACX60_RS07215	ACX60_07215	WP_000193584.1	-	1554209	1554285	AGG	1554265	1554284	T	75	5'-AAAAGCCTAATCAATGGATT-3'
ACX60_RS07215	ACX60_07215	WP_000193584.1	-	1554209	1554272	CCT	1554273	1554292	NT	83	5'-AAAAGCCTAATCCATTGATT-3'
ACX60_RS07255	ACX60_07255	WP_000344223.1	+	1561790	1561886	TGG	1561866	1561885	NT	95	5'-ATGCGCTGTTTACAAGAGAA-3'
ACX60_RS07330	ACX60_07330	WP_005135062.1	+	1579981	1579955	TGG	1579935	1579954	NT	-46	5'-AAGAAAATTCACTTGAAAAT-3'
ACX60_RS07370	ACX60_07370	WP_000037357.1	+	1589938	1590011	CCT	1590012	1590031	T	93	5'-ACAAATTAATTCTTATAGTT-3'
	sRNA35		+	1607534	1607512	CCA	1607513	1607532	T	-21	5'-TCACAAATTTATACAAAGTG-3'
ACX60_RS07780	ACX60_07780	WP_000968532.1	+	1658158	1658151	TGG	1658131	1658150	NT	-27	5'-TTAGAATTTAAGTTCTATTT-3'
ACX60_RS07780	ACX60_07780	WP_000968532.1	+	1658158	1658211	TGG	1658191	1658210	NT	52	5'-AAACGGAGCCAGAAAAATGA-3'
ACX60_RS07850	ACX60_07850	WP_001194768.1	+	1670277	1670309	CCC	1670310	1670329	T	52	5'-TATCTGGTTAAAGAACTCAC-3'
ACX60_RS07850	ACX60_07850	WP_001194768.1	+	1670277	1670333	CCG	1670334	1670353	T	76	5'-TCGTGTTTGCATAGAAACCT-3'
ACX60_RS07860	ACX60_07860	WP_001081040.1	-	1672842	1672815	TGG	1672795	1672814	T	-47	5'-TTGTAATCTATTCATTTCTT-3'
ACX60_RS07870	ACX60_07870	WP_001120919.1	+	1673750	1673806	AGG	1673786	1673805	NT	55	5'-GAACCCGCCGAAGGAGCAAC-3'
ACX60_RS07870	ACX60_07870	WP_001120919.1	+	1673750	1673795	CCG	1673796	1673815	T	65	5'-TTCCGGGCCTGTTGCTCCTT-3'
ACX60_RS07890	ACX60_07890	WP_001207983.1	-	1678256	1678243	TGG	1678223	1678242	T	-33	5'-TGTTGTTGGCTGGGTGGAAG-3'
ACX60_RS07890	ACX60_07890	WP_001207983.1	-	1678256	1678310	CCC	1678311	1678330	NT	74	5'-GTGTTGATATTTTCTTAAAG-3'
ACX60_RS07890	ACX60_07890	WP_001207983.1	-	1678256	1678312	CCT	1678313	1678332	NT	76	5'-TTGTGTTGATATTTTCTTAA-3'
ACX60_RS07905	ACX60_07905	WP_000371970.1	-	1681998	1681990	CGG	1681970	1681989	T	-28	5'-ATATCTTTTGGTCAAAAATA-3'
ACX60_RS07905	ACX60_07905	WP_000371970.1	-	1681998	1682042	TGG	1682022	1682041	T	43	5'-CTTGGTGCAATATTGAGTTT-3'
	sRNA38		+	1704993	1704964	CCT	1704965	1704984	T	-28	5'-TCTAATCGAGATATTAGTTT-3'
ACX60_RS08050	ACX60_08050	WP_001032866.1	+	1709706	1709689	TGG	1709669	1709688	NT	-37	5'-AACAGAGCCTTGCAGAAATT-3'
ACX60_RS08050	ACX60_08050	WP_001032866.1	+	1709706	1709678	CCT	1709679	1709698	T	-27	5'-TTAAAATCCAAATTTCTGCA-3'
ACX60_RS08055	ACX60_08055	WP_000120225.1	-	1711806	1711806	TGG	1711786	1711805	T	-20	5'-ACCTAAACTTGTTATCGTTA-3'
	sRNA40		+	1714426	1714448	CCT	1714449	1714468	T	42	5'-AGGCTATAAAATGCACAAAA-3'
ACX60_RS08070	ACX60_08070	WP_000163427.1	-	1715541	1715630	TGG	1715610	1715629	T	88	5'-CCTTACCGTTTATTTGAACT-3'
ACX60_RS08100	ACX60_08100	WP_000949688.1	-	1723641	1723598	CCC	1723599	1723618	NT	-42	5'-TTTTAGCGCAACCACAAGGA-3'
ACX60_RS08100	ACX60_08100	WP_000949688.1	-	1723641	1723602	CCT	1723603	1723622	NT	-38	5'-TCGGTTTTAGCGCAACCACA-3'
ACX60_RS08110	ACX60_08110	WP_001186685.1	-	1725785	1725846	AGG	1725826	1725845	T	60	5'-ATGTGAAAAAGCTTTTTTTT-3'
ACX60_RS08120	ACX60_08120	WP_000954520.1	-	1727885	1727874	CCT	1727875	1727894	NT	-10	5'-ATCTTTAGTGTTGCATAAAT-3'
ACX60_RS08125	ACX60_08125	WP_000121842.1	+	1728084	1728159	CCC	1728160	1728179	T	95	5'-TAACGGCAAGCTTACAAATC-3'
ACX60_RS08135	ACX60_08135	WP_000129946.1	+	1729015	1729061	CCC	1729062	1729081	T	66	5'-ATCAGGTTGTACTGGAGCTA-3'
ACX60_RS08135	ACX60_08135	WP_000129946.1	+	1729015	1729078	CCT	1729079	1729098	T	83	5'-ATTAAATGTGTTGGTTGATC-3'
ACX60_RS08160	ACX60_08160	WP_000955083.1	+	1732480	1732580	TGG	1732560	1732579	NT	99	5'-CTGGTTGTGATTATTATCAT-3'
ACX60_RS08165	ACX60_08165	WP_001187342.1	+	1732896	1732980	GGG	1732960	1732979	NT	83	5'-CTTGATAGATGCTGAGATCG-3'
ACX60_RS08245	ACX60_08245	WP_001983728.1	-	1750780	1750779	AGG	1750759	1750778	T	-21	5'-TTGTCCTTTTATACTTAGTT-3'
ACX60_RS08335	ACX60_08335	WP_001284535.1	-	1769727	1769706	CCC	1769707	1769726	NT	-20	5'-CCTCAATTAAATGTTGTTTA-3'
ACX60_RS08340	ACX60_08340	WP_000148658.1	+	1769886	1769859	GGG	1769839	1769858	NT	-47	5'-GGTTTGACTTTGCTTTATAG-3'
	sRNA44		+	1791216	1791238	TGG	1791218	1791237	NT	21	5'-TCAGGAATTTAAGCTTTAAT-3'
ACX60_RS08435	ACX60_08435	WP_001211835.1	+	1791389	1791455	TGG	1791435	1791454	NT	65	5'-TTTATCCGGTTTGGCTTTAA-3'
ACX60_RS08435	ACX60_08435	WP_001211835.1	+	1791389	1791442	CCG	1791443	1791462	T	73	5'-ACAACCCATTAAAGCCAAAC-3'
ACX60_RS08575	ACX60_08575	WP_005135190.1	-	1822599	1822683	TGG	1822663	1822682	T	83	5'-TTCCATTCAATGTTTCGCGT-3'
ACX60_RS08615	ACX60_08615	WP_000029961.1	-	1829544	1829551	CCT	1829552	1829571	NT	27	5'-CACAAGGTCATCTATACCAT-3'
ACX60_RS08615	ACX60_08615	WP_000029961.1	-	1829544	1829636	CGG	1829616	1829635	T	91	5'-GACGTGGAACTTCTGAGCCA-3'
ACX60_RS08640	ACX60_08640	WP_000351947.1	-	1836567	1836642	CCT	1836643	1836662	NT	95	5'-TGCTTCTAGATTCGTTATAA-3'
ACX60_RS08685	ACX60_08685	WP_000323486.1	-	1845025	1845097	TGG	1845077	1845096	T	71	5'-AAGTTTGTCCTAGTTTTATT-3'
ACX60_RS08685	ACX60_08685	WP_000323486.1	-	1845025	1845111	AGG	1845091	1845110	T	85	5'-TTTATTTGGAAGTGGTATTG-3'
ACX60_RS08685	ACX60_08685	WP_000323486.1	-	1845025	1845124	AGG	1845104	1845123	T	98	5'-GGTATTGAGGCTAGATGTGT-3'
ACX60_RS08690	ACX60_08690	WP_000155962.1	-	1846343	1846332	AGG	1846312	1846331	T	-31	5'-CATTAATCCATTCAAAAATA-3'
ACX60_RS08690	ACX60_08690	WP_000155962.1	-	1846343	1846348	CCT	1846349	1846368	NT	25	5'-TTTCAATATAGATTAAAGTA-3'
ACX60_RS08690	ACX60_08690	WP_000155962.1	-	1846343	1846428	TGG	1846408	1846427	T	84	5'-GCTCGGCTTGAGAAGGGTCT-3'
ACX60_RS08745	ACX60_08745	WP_000225300.1	-	1857774	1857816	AGG	1857796	1857815	T	41	5'-TGATGAGCCATAGGCTTTTC-3'
ACX60_RS08825	ACX60_08825	WP_000404158.1	-	1870253	1870331	CCA	1870332	1870351	NT	98	5'-TCCCTACATTTTTAATCCAC-3'
ACX60_RS08885	ACX60_08885	WP_001101634.1	+	1883367	1883414	CCC	1883415	1883434	T	67	5'-GTAATTAACACATTCATACA-3'
ACX60_RS08885	ACX60_08885	WP_001101634.1	+	1883367	1883443	CGG	1883423	1883442	NT	75	5'-TGTGTTAATTACTGGTGGCA-3'
ACX60_RS08900	ACX60_08900	WP_000013631.1	-	1887676	1887753	AGG	1887733	1887752	T	76	5'-GGATTAGGCAAATCTGTGAG-3'
ACX60_RS08940	ACX60_08940	WP_001007519.1	+	1894536	1894608	CCA	1894609	1894628	T	92	5'-GAAAACTGCGTGAATTTCAC-3'
	sRNA47		+	1916681	1916662	TGG	1916642	1916661	NT	-39	5'-CACATTGACACTTCAAATAT-3'
ACX60_RS09070	ACX60_09070	WP_000235279.1	-	1922656	1922655	CCA	1922656	1922675	NT	0	5'-TTACATTATTATTGGTCGTA-3'
ACX60_RS09155	ACX60_09155	WP_001070647.1	+	1940012	1940068	CCT	1940069	1940088	T	76	5'-TACATTCGAGAAATAGAATA-3'
ACX60_RS09230	ACX60_09230	WP_000172956.1	+	1955437	1955437	AGG	1955417	1955436	NT	-20	5'-TTCGTATAAATTACTCTTCT-3'
ACX60_RS09235	ACX60_09235	WP_001045563.1	+	1956567	1956579	AGG	1956559	1956578	NT	-8	5'-CTAGAAACACTAAGGGATAT-3'
ACX60_RS09260	ACX60_09260	WP_001047843.1	-	1962951	1962991	AGG	1962971	1962990	T	39	5'-AAAGAAGATAAGAAAATAAT-3'
ACX60_RS09280	ACX60_09280	WP_000546106.1	-	1968211	1968165	CCG	1968166	1968185	NT	-45	5'-CTAGCGCTTCAAATTATGCA-3'
ACX60_RS09280	ACX60_09280	WP_000546106.1	-	1968211	1968202	CCG	1968203	1968222	NT	-8	5'-ATTCTTGCGTGGCTAAAAAT-3'
ACX60_RS09285	ACX60_09285	WP_000222730.1	+	1968390	1968400	AGG	1968380	1968399	NT	-10	5'-AGCTCAAAATGGCACTTAAA-3'
ACX60_RS09285	ACX60_09285	WP_000222730.1	+	1968390	1968479	AGG	1968459	1968478	NT	88	5'-TAATTATGCAGTTAAATAAA-3'
ACX60_RS09410	ACX60_09410	WP_001177517.1	-	1995816	1995788	CCA	1995789	1995808	NT	-27	5'-ATATAACACTCGCTGAAACT-3'
ACX60_RS09415	ACX60_09415	WP_000364555.1	+	1996004	1995981	CCT	1995982	1996001	T	-22	5'-CAAATATTATAAATTAATAA-3'
ACX60_RS09425	ACX60_09425	WP_000126118.1	-	1999260	1999307	AGG	1999287	1999306	T	46	5'-CATTTGTAATTTTTTCTCAA-3'
ACX60_RS09480	ACX60_09480	WP_000183704.1	-	2008636	2008708	CCT	2008709	2008728	NT	92	5'-GCCTCTAATTTTATATATGG-3'
ACX60_RS09510	ACX60_09510	WP_000825826.1	+	2013455	2013470	TGG	2013450	2013469	NT	-5	5'-CAATCAATCTTTAGTATAGT-3'
ACX60_RS09595	ACX60_09595	WP_000013434.1	-	2029161	2029114	CCT	2029115	2029134	NT	-46	5'-GCAAACCGAAAACTTAAAAT-3'
ACX60_RS09620	ACX60_09620	WP_000011876.1	+	2033813	2033908	TGG	2033888	2033907	NT	94	5'-GTAGGTATTACAGGAGTTGG-3'
ACX60_RS09625	ACX60_09625	WP_005128744.1	+	2034804	2034832	CCA	2034833	2034852	T	48	5'-TGTGTAGTCATTGCTGTCAC-3'
ACX60_RS09630	ACX60_09630	WP_000187500.1	-	2036784	2036755	CCA	2036756	2036775	NT	-28	5'-ATATAGACCAGTTAGAGACT-3'
ACX60_RS09630	ACX60_09630	WP_000187500.1	-	2036784	2036831	CCC	2036832	2036851	NT	67	5'-CAGTTTTTGAAGTCTTTAAT-3'
ACX60_RS09635	ACX60_09635	WP_001023037.1	-	2038458	2038493	AGG	2038473	2038492	T	34	5'-CAATGACAGTTCTATTACAC-3'
ACX60_RS09725	ACX60_09725	WP_000186520.1	-	2060005	2060025	AGG	2060005	2060024	T	0	5'-TATTGATTATATTTATTTTA-3'
ACX60_RS09725	ACX60_09725	WP_000186520.1	-	2060005	2060081	CCT	2060082	2060101	NT	96	5'-GATTGTTTTTTGTTCGGTGT-3'
ACX60_RS09765	ACX60_09765	WP_001043034.1	-	2069667	2069645	CCA	2069646	2069665	NT	-21	5'-GGCCTTTTAAACTATAGCCT-3'
ACX60_RS09765	ACX60_09765	WP_001043034.1	-	2069667	2069674	CCT	2069675	2069694	NT	27	5'-CCCCCAAAGCATTGCTATAA-3'
ACX60_RS09775	ACX60_09775	WP_000005343.1	+	2070368	2070429	AGG	2070409	2070428	NT	60	5'-CAATTAATCTCTAATATTTA-3'
ACX60_RS09790	ACX60_09790	WP_000331712.1	+	2072930	2072930	AGG	2072910	2072929	NT	-20	5'-TTAACCCTCATATTAATATT-3'
ACX60_RS09790	ACX60_09790	WP_000331712.1	+	2072930	2072941	CCG	2072942	2072961	T	31	5'-CATTTCGCTTCTCCAAACCT-3'
ACX60_RS10000	ACX60_10000	WP_032061919.1	-	2120922	2120992	AGG	2120972	2120991	T	69	5'-GATAGCTCATCATCATTTTC-3'
ACX60_RS10100	ACX60_10105	WP_000910071.1	-	2133633	2133698	CCT	2133699	2133718	NT	85	5'-GAGCAAATTAACCGAAAAAC-3'
ACX60_RS10215	ACX60_10220	WP_001190745.1	-	2149028	2149117	AGG	2149097	2149116	T	88	5'-AATAGTGATTTTAAACTAGA-3'
ACX60_RS10365	ACX60_10370	WP_000850091.1	-	2175404	2175358	CCA	2175359	2175378	NT	-45	5'-CATTTCAATGCGCCAGCTCT-3'
ACX60_RS10445	ACX60_10450	WP_000164264.1	+	2189246	2189246	CCT	2189247	2189266	T	20	5'-TTCTTGTACGGCATTTCAAG-3'
ACX60_RS10465	ACX60_10470	WP_000575820.1	+	2195870	2195869	CCA	2195870	2195889	T	0	5'-AAAATTTAGACAGAATCAAA-3'
ACX60_RS10470	ACX60_10475	WP_000204683.1	+	2197207	2197241	TGG	2197221	2197240	NT	33	5'-ATGAAGGCTCTATGAGTTTT-3'
ACX60_RS10480	ACX60_10485	WP_000699307.1	+	2198387	2198460	AGG	2198440	2198459	NT	72	5'-ACAAATAAACGCTACCCTTT-3'
ACX60_RS10480	ACX60_10485	WP_000699307.1	+	2198387	2198462	GGG	2198442	2198461	NT	74	5'-AAATAAACGCTACCCTTTAG-3'
ACX60_RS10480	ACX60_10485	WP_000699307.1	+	2198387	2198487	CGG	2198467	2198486	NT	99	5'-CATCTTATTGTAAAACATCT-3'
ACX60_RS10510	ACX60_10515	WP_000966850.1	+	2204621	2204668	TGG	2204648	2204667	NT	46	5'-ACACAGCTCATTAATAAAGG-3'
ACX60_RS10530	ACX60_10535	WP_001109738.1	-	2207906	2207901	CCA	2207902	2207921	NT	-4	5'-GGAATACTTATCTATAATGA-3'
ACX60_RS10550	ACX60_10555	WP_000204466.1	+	2211308	2211272	CCC	2211273	2211292	T	-35	5'-GAATTCGTATTAAAGCTATA-3'
ACX60_RS10550	ACX60_10555	WP_000204466.1	+	2211308	2211358	TGG	2211338	2211357	NT	49	5'-CAATGACTCTACGTAATGAT-3'
	sRNA57		-	2225203	2225295	AGG	2225275	2225294	T	91	5'-TGCGAAACAATCTTCATTCT-3'
ACX60_RS10640	ACX60_10645	WP_000037173.1	+	2228905	2228966	TGG	2228946	2228965	NT	60	5'-AATTCTATCTTCAAAGCAGT-3'
ACX60_RS10645	ACX60_10650	WP_000713973.1	+	2229601	2229637	TGG	2229617	2229636	NT	35	5'-ATTTTTGGAGTTCACTTCCA-3'
ACX60_RS10720	ACX60_10725	WP_001153960.1	+	2244871	2244869	CCA	2244870	2244889	T	-1	5'-AATATGTAAATTAAAAATTG-3'
ACX60_RS10720	ACX60_10725	WP_001153960.1	+	2244871	2244896	TGG	2244876	2244895	NT	24	5'-TTAATTTACATATTTGTGAG-3'
ACX60_RS10720	ACX60_10725	WP_001153960.1	+	2244871	2244942	AGG	2244922	2244941	NT	70	5'-ATTGTTGGTCTGCCAAATGT-3'
ACX60_RS10755	ACX60_10760	WP_001047284.1	+	2249635	2249706	CCA	2249707	2249726	T	91	5'-TTTTATCTCTAATCGCTAGA-3'
ACX60_RS10790	ACX60_10795	WP_000066032.1	-	2257870	2257824	CCC	2257825	2257844	NT	-45	5'-GAATAAAAGGTGCAGGTCAT-3'
ACX60_RS10790	ACX60_10795	WP_000066032.1	-	2257870	2257927	TGG	2257907	2257926	T	56	5'-TCTCTGAACGTAAAATTTGT-3'
ACX60_RS10795	ACX60_10800	WP_000521160.1	+	2258045	2258043	TGG	2258023	2258042	NT	-22	5'-AAGATGGTGCTATTCTTGTG-3'
ACX60_RS10835	ACX60_10840	WP_000498041.1	-	2273285	2273264	CCA	2273265	2273284	NT	-20	5'-TTGAAAGAATTTGGATGCAT-3'
ACX60_RS11200	ACX60_11205	WP_000999439.1	-	2348323	2348334	CCA	2348335	2348354	NT	31	5'-ATTATAGTTAGGGTGACGTA-3'
	sRNA61		+	2351732	2351751	CGG	2351731	2351750	NT	-1	5'-CGCTGACCAATTTTGTCAGT-3'
ACX60_RS11265	ACX60_11270	WP_001183739.1	-	2359512	2359475	CCA	2359476	2359495	NT	-36	5'-ATCTTTAATGCAAGAGCGGA-3'
ACX60_RS11295	ACX60_11300	WP_001288904.1	-	2367383	2367438	TGG	2367418	2367437	T	54	5'-ATGACTAAATGTACATACAT-3'
ACX60_RS11295	ACX60_11300	WP_001288904.1	-	2367383	2367462	AGG	2367442	2367461	T	78	5'-ACTAATTCTTTTTTAAGAAG-3'
ACX60_RS11310	ACX60_11315	WP_049594840.1	+	2372424	2372456	TGG	2372436	2372455	NT	31	5'-CACTCTAAAAAACACCTTAA-3'
ACX60_RS11345	ACX60_11350	WP_000816403.1	-	2381456	2381534	CCC	2381535	2381554	NT	98	5'-AAAGCTGAATTGAAGAAAAG-3'
ACX60_RS11485	ACX60_11490	WP_000470939.1	+	2410746	2410710	CCT	2410711	2410730	T	-35	5'-ATATATGGTTATTGGTAAAT-3'
ACX60_RS11485	ACX60_11490	WP_000470939.1	+	2410746	2410814	TGG	2410794	2410813	NT	67	5'-TAAAAAACAGTTATCTCTAA-3'
ACX60_RS11485	ACX60_11490	WP_000470939.1	+	2410746	2410836	AGG	2410816	2410835	NT	89	5'-GATCTTACATTCATTGGCTT-3'
	sRNA65		-	2423778	2423775	AGG	2423755	2423774	T	-23	5'-GGTCCTACACATGATTTAAA-3'
ACX60_RS11765	ACX60_11770	WP_001202386.1	+	2477974	2478006	AGG	2477986	2478005	NT	31	5'-TCATGTCAAATTTACTTTAG-3'
	sRNA66		+	2479336	2479312	CCA	2479313	2479332	T	-23	5'-TACTAATTCTTCTCAATTTT-3'
	sRNA66		+	2479336	2479350	TGG	2479330	2479349	NT	-6	5'-GTACGCATAGCGGACTCCTT-3'
	sRNA66		+	2479336	2479348	CCT	2479349	2479368	T	32	5'-TGAAACTTCTTTATAGCCAA-3'
	sRNA68		-	2479885	2479871	CCT	2479872	2479891	NT	-13	5'-TTCTTTCTGGTAGAGTGAAA-3'
	sRNA68		-	2479885	2479884	CCA	2479885	2479904	NT	0	5'-TGAATAATATCCTTTCTTTC-3'
	sRNA68		-	2479885	2479934	CCT	2479935	2479954	NT	69	5'-TGTTCTAATTTGATACGAAT-3'
ACX60_RS11805	ACX60_11810	WP_000496075.1	-	2489309	2489279	CCC	2489280	2489299	NT	-29	5'-ATCACCGATTGTGTTGATTG-3'
ACX60_RS11805	ACX60_11810	WP_000496075.1	-	2489309	2489281	CCA	2489282	2489301	NT	-27	5'-TGATCACCGATTGTGTTGAT-3'
	sRNA69		-	2495109	2495148	CCA	2495149	2495168	NT	59	5'-CAGCGTTTTATTGAGGTGTT-3'
	sRNA69		-	2495109	2495155	CCT	2495156	2495175	NT	66	5'-GGCCAAACAGCGTTTTATTG-3'
	sRNA69		-	2495109	2495176	CCT	2495177	2495196	NT	87	5'-ATTAAGCCAGTTTTTATGAA-3'
	sRNA70		-	2501813	2501811	CCA	2501812	2501831	NT	-1	5'-GAGCACTATCCTTTGCCTGC-3'
ACX60_RS11875	ACX60_11880	WP_000157170.1	-	2503319	2503309	CCT	2503310	2503329	NT	-9	5'-CCTTCGTAGCGGTAGGACGG-3'
ACX60_RS11890	ACX60_11895	WP_005135456.1	-	2507299	2507255	CCT	2507256	2507275	NT	-43	5'-ATTGAGACAAACTCCAAGCA-3'
ACX60_RS11890	ACX60_11895	WP_005135456.1	-	2507299	2507289	CCG	2507290	2507309	NT	-9	5'-AATTTCAATCATTCCCAGAG-3'
ACX60_RS11890	ACX60_11895	WP_005135456.1	-	2507299	2507348	CGG	2507328	2507347	T	48	5'-TATATTTCTTCTATTTTTCA-3'
ACX60_RS11910	ACX60_11915	WP_000285569.1	+	2511689	2511669	CCT	2511670	2511689	T	-19	5'-TAGCTTATTTTAGGCAAAAA-3'
ACX60_RS11910	ACX60_11915	WP_000285569.1	+	2511689	2511727	CCA	2511728	2511747	T	58	5'-TTCAGTGACAACAAAGGTCA-3'
ACX60_RS11910	ACX60_11915	WP_000285569.1	+	2511689	2511733	CCT	2511734	2511753	T	64	5'-ACAATTTTCAGTGACAACAA-3'
ACX60_RS11950	ACX60_11955	WP_000988396.1	-	2521015	2521042	CCT	2521043	2521062	NT	47	5'-TCCATCAATTATGCTGCTTT-3'
ACX60_RS11965	ACX60_11970	WP_000554244.1	-	2523043	2523032	CCT	2523033	2523052	NT	-10	5'-AATAACAAGATTACTTAAAA-3'
ACX60_RS11965	ACX60_11970	WP_000554244.1	-	2523043	2523099	CCT	2523100	2523119	NT	76	5'-GATATGTTGCTGATCGCAAA-3'
ACX60_RS11985	ACX60_11990	WP_001182287.1	+	2526267	2526271	CGG	2526251	2526270	NT	-16	5'-TCTATAATGTGCTCACATTG-3'
ACX60_RS12040	ACX60_12045	WP_000932373.1	-	2535653	2535628	CCA	2535629	2535648	NT	-24	5'-GTATAAGTTGACTTTATAAC-3'
ACX60_RS12040	ACX60_12045	WP_000932373.1	-	2535653	2535732	TGG	2535712	2535731	T	78	5'-AAAACCCACAAAGGAAGAAG-3'
ACX60_RS12050	ACX60_12055	WP_000072673.1	+	2536518	2536560	CGG	2536540	2536559	NT	41	5'-ACAGGAAGTATCAACGTGAG-3'
ACX60_RS12070	ACX60_12075	WP_000016215.1	+	2538754	2538776	TGG	2538756	2538775	NT	21	5'-GTTAGCTGGTGCGATCATTA-3'
ACX60_RS12080	ACX60_12085	WP_000636785.1	-	2540088	2540077	CCC	2540078	2540097	NT	-10	5'-AAAGCTTACTTCCAATTGCG-3'
ACX60_RS12085	ACX60_12090		+	2540315	2540269	CCA	2540270	2540289	T	-45	5'-AGCATGGCAATTGTTGTCTA-3'
	sRNA75		-	2543844	2543833	CCC	2543834	2543853	NT	-10	5'-ATTATCAGTGTGAACTTTAA-3'
	sRNA77		-	2544991	2544961	CCC	2544962	2544981	NT	-29	5'-TAATATCTCCTCGATCCACA-3'
	sRNA77		-	2544991	2545082	AGG	2545062	2545081	T	90	5'-CTTCAAACCTTCATATTTCA-3'
ACX60_RS12135	ACX60_12140	WP_000377589.1	+	2548599	2548581	AGG	2548561	2548580	NT	-38	5'-TTGACCTTACAATCATGACA-3'
ACX60_RS12135	ACX60_12140	WP_000377589.1	+	2548599	2548624	TGG	2548604	2548623	NT	24	5'-AACAAACATCTCATTCTTGA-3'
ACX60_RS12210	ACX60_12215	WP_000058246.1	+	2565896	2565917	TGG	2565897	2565916	NT	20	5'-TTGAAAGAATTTGGATGCAT-3'
ACX60_RS12215	ACX60_12220	WP_000886807.1	+	2567630	2567649	CCA	2567650	2567669	T	39	5'-GTGTTTTTCCTTCTAATTCA-3'
ACX60_RS12235	ACX60_12240	WP_000020860.1	+	2572334	2572360	AGG	2572340	2572359	NT	25	5'-TGCCATACTAAAAAATACTA-3'
ACX60_RS12235	ACX60_12240	WP_000020860.1	+	2572334	2572384	AGG	2572364	2572383	NT	49	5'-AAACGCATGTTAAAAATCTT-3'
ACX60_RS12265	ACX60_12270	WP_000654263.1	+	2578440	2578482	CCT	2578483	2578502	T	62	5'-ATAGTGGTTTAAACGTAAAG-3'
ACX60_RS12270	ACX60_12275	WP_005135487.1	-	2581155	2581132	CCT	2581133	2581152	NT	-22	5'-TAACAAACAATAACAATTTT-3'
ACX60_RS12280	ACX60_12285	WP_000941316.1	-	2584632	2584676	CGG	2584656	2584675	T	43	5'-TATATATTTCAAGTACACTT-3'
ACX60_RS12305	ACX60_12310	WP_000203217.1	+	2587819	2587852	AGG	2587832	2587851	NT	32	5'-GGCTAACTTAAAATTTCTTA-3'
ACX60_RS12335	ACX60_12340	WP_001188821.1	+	2594316	2594336	CCG	2594337	2594356	T	40	5'-CATAAAACTCGCATGTGATA-3'
ACX60_RS12350	ACX60_12355	WP_001008609.1	-	2600296	2600291	CCT	2600292	2600311	NT	-4	5'-TATAATTTGAATTGTATAAA-3'
ACX60_RS12365	ACX60_12370	WP_000679992.1	+	2602371	2602324	CCA	2602325	2602344	T	-46	5'-AATAACTCATCCCATTTAAA-3'
ACX60_RS12370	ACX60_12375	WP_001084012.1	+	2602942	2602979	AGG	2602959	2602978	NT	36	5'-GAGCTGTGCATCCTGATAGC-3'
ACX60_RS12370	ACX60_12375	WP_001084012.1	+	2602942	2602972	CCT	2602973	2602992	T	50	5'-GAGCTGTGCATCCTGCTATC-3'
ACX60_RS12370	ACX60_12375	WP_001084012.1	+	2602942	2602997	AGG	2602977	2602996	NT	54	5'-GCAGGATGCACAGCTCAGTA-3'
ACX60_RS12640	ACX60_12645	WP_000362184.1	+	2639839	2639837	CCG	2639838	2639857	T	-1	5'-TCTAGCAAGCCGTGATTCGG-3'
ACX60_RS12655	ACX60_12660	WP_000495836.1	-	2642858	2642842	CCT	2642843	2642862	NT	-15	5'-CGCTGCTTACGTTCGATCAA-3'
ACX60_RS12675	ACX60_12680	WP_000729980.1	-	2646675	2646702	AGG	2646682	2646701	T	26	5'-GATCTTAACAAAAAAAAATA-3'
ACX60_RS12790	ACX60_12795	WP_000119684.1	+	2672444	2672461	AGG	2672441	2672460	NT	-3	5'-GATTCTTTAATGGCAATGTA-3'
ACX60_RS12845	ACX60_12850	WP_000235933.1	+	2686435	2686486	CCG	2686487	2686506	T	71	5'-CGATAGAATAGATGAGAAAA-3'
ACX60_RS12870	ACX60_12875	WP_000446080.1	-	2693815	2693791	CCA	2693792	2693811	NT	-23	5'-GGAATATCATTTGTGTGAGT-3'
ACX60_RS12905	ACX60_12910	WP_011858739.1	+	2700146	2700098	CCT	2700099	2700118	T	-47	5'-TTCTGTCAAATGCTTTGATG-3'
ACX60_RS12905	ACX60_12910	WP_011858739.1	+	2700146	2700174	AGG	2700154	2700173	NT	27	5'-TATGTTAAAACCTAAGGACA-3'
ACX60_RS12905	ACX60_12910	WP_011858739.1	+	2700146	2700237	AGG	2700217	2700236	NT	90	5'-GGCGAATATGTTGCTAGCAA-3'
ACX60_RS12935	ACX60_12940	WP_000691963.1	+	2707075	2707074	CGG	2707054	2707073	NT	-21	5'-TCAATCTATTACAATAACGC-3'
ACX60_RS12935	ACX60_12940	WP_000691963.1	+	2707075	2707165	TGG	2707145	2707164	NT	89	5'-TCACATCCAGTTAATCGCTA-3'
ACX60_RS12940	ACX60_12945	WP_000508371.1	+	2708691	2708741	CCT	2708742	2708761	T	70	5'-GAAGTGTCTTTTTCCTAGAA-3'
ACX60_RS12945	ACX60_12950	WP_000416092.1	+	2709407	2709494	AGG	2709474	2709493	NT	86	5'-CAGCTCATATAGTTTTGCAG-3'
	sRNA81		-	2711044	2711064	CCA	2711065	2711084	NT	40	5'-TGTGCTTGACTACAAGAGGG-3'
	sRNA83		-	2735009	2734983	CCT	2734984	2735003	NT	-25	5'-CTCTAATTTTTTACTATTTC-3'
ACX60_RS13025	ACX60_13030	WP_000694998.1	-	2735911	2735862	CCC	2735863	2735882	NT	-48	5'-CCGGTCTTGAAAACCGACGA-3'
ACX60_RS13025	ACX60_13030	WP_000694998.1	-	2735911	2735881	CCG	2735882	2735901	NT	-29	5'-GGCAGAGCGGTTTAATGCAC-3'
ACX60_RS13050	ACX60_13055	WP_000013368.1	+	2741597	2741621	CCT	2741622	2741641	T	44	5'-GAGCAGGGTAATAGAGTTCA-3'
ACX60_RS13050	ACX60_13055	WP_000013368.1	+	2741597	2741674	TGG	2741654	2741673	NT	76	5'-TGGCATGCACATTTACGTGA-3'
ACX60_RS13060	ACX60_13065	WP_005124439.1	+	2743312	2743277	CCT	2743278	2743297	T	-34	5'-AAGCCGCCACCAAACTGTCA-3'
ACX60_RS13060	ACX60_13065	WP_005124439.1	+	2743312	2743309	CCG	2743310	2743329	T	-2	5'-GATAGGGACGTTGAGGATGG-3'
ACX60_RS13130	ACX60_13135	WP_000959396.1	+	2762279	2762340	CCA	2762341	2762360	T	81	5'-ATCTAAGTGCCCGATTGGGG-3'
	sRNA84		+	2772408	2772379	CCA	2772380	2772399	T	-28	5'-TATAACTGATCTGACTTCGT-3'
	sRNA84		+	2772408	2772443	CCT	2772444	2772463	T	55	5'-TAAAGAGATGATATCGGCTC-3'
ACX60_RS13220	ACX60_13225	WP_001045587.1	+	2781819	2781896	AGG	2781876	2781895	NT	76	5'-AAAAACTGACTTAGAGCCTC-3'
ACX60_RS13225	ACX60_13230	WP_001292274.1	+	2784561	2784516	CCC	2784517	2784536	T	-44	5'-TTAACTGCGGGGGGGTAAGT-3'
ACX60_RS13245	ACX60_13250	WP_002017215.1	+	2788938	2789030	TGG	2789010	2789029	NT	91	5'-CAAACACAATGTGGTCTGTG-3'
ACX60_RS13270	ACX60_13275	WP_001227325.1	+	2793518	2793585	CCA	2793586	2793605	T	87	5'-GATAAATGCGCTTTTCTTGC-3'
ACX60_RS13325	ACX60_13330	WP_000964592.1	+	2802529	2802553	CCC	2802554	2802573	T	44	5'-AACACGAAAAAGATTTTCAT-3'
ACX60_RS13325	ACX60_13330	WP_000964592.1	+	2802529	2802621	AGG	2802601	2802620	NT	91	5'-TATTTTTGGCCAATCAAGTG-3'
ACX60_RS13335	ACX60_13340	WP_000749178.1	-	2805317	2805352	CCA	2805353	2805372	NT	55	5'-TGAAGATTAACGAAGGATAT-3'
ACX60_RS13345	ACX60_13350	WP_001047619.1	+	2806902	2806873	CCT	2806874	2806893	T	-28	5'-TTTAACACAAAAAAGCGCTG-3'
ACX60_RS13350	ACX60_13355	WP_000051871.1	+	2808752	2808751	AGG	2808731	2808750	NT	-21	5'-AAAATTCATAAGAATAATCG-3'
ACX60_RS13355	ACX60_13360	WP_000956803.1	-	2810729	2810705	AGG	2810685	2810704	T	-44	5'-TCAGGAGATTGCTCAAACAT-3'
ACX60_RS13450	ACX60_13455	WP_031993450.1	-	2831780	2831763	CCA	2831764	2831783	NT	-16	5'-TTCTAACCTTGAAAAAACAA-3'
ACX60_RS13470	ACX60_13475	WP_005135700.1	-	2837211	2837234	AGG	2837214	2837233	T	22	5'-CTTTATATTAACCGAAGATG-3'
ACX60_RS13495	ACX60_13500	WP_000854552.1	+	2841589	2841650	AGG	2841630	2841649	NT	60	5'-TCCAGCCAGAGTCCAGCCGA-3'
ACX60_RS13495	ACX60_13500	WP_000854552.1	+	2841589	2841644	CCA	2841645	2841664	T	75	5'-GGAAATTGTAGACCTTCGGC-3'
ACX60_RS13535	ACX60_13540	WP_000926499.1	+	2854709	2854738	TGG	2854718	2854737	NT	28	5'-GATAAAAACGGATCATTTCA-3'
ACX60_RS13535	ACX60_13540	WP_000926499.1	+	2854709	2854772	CCC	2854773	2854792	T	83	5'-GCCTGTAATGTTTTAATTGA-3'
ACX60_RS13690	ACX60_13695	WP_000627259.1	-	2886374	2886341	CCA	2886342	2886361	NT	-32	5'-ATTTTTGGACATATTAACTA-3'
ACX60_RS13690	ACX60_13695	WP_000627259.1	-	2886374	2886363	TGG	2886343	2886362	T	-31	5'-AGTTAATATGTCCAAAAATT-3'
ACX60_RS13705	ACX60_13710	WP_000766454.1	+	2889240	2889240	CCT	2889241	2889260	T	20	5'-TAGGGCTGAATGATTAAGCT-3'
ACX60_RS13755	ACX60_13760	WP_000188097.1	+	2901858	2901931	TGG	2901911	2901930	NT	72	5'-GGCCGTGAATTGGCTCGCCG-3'
ACX60_RS13765	ACX60_13770	WP_001271336.1	-	2906104	2906120	CCT	2906121	2906140	NT	36	5'-TTGTTCGTTAACAGCTTTAC-3'
ACX60_RS13775	ACX60_13780		+	2907171	2907126	CCG	2907127	2907146	T	-44	5'-TTAGAGGTCAAATTGATTTG-3'
ACX60_RS13775	ACX60_13780		+	2907171	2907142	CCT	2907143	2907162	T	-28	5'-CATAGTTAGAACGGTTTTAG-3'
ACX60_RS13775	ACX60_13780		+	2907171	2907244	AGG	2907224	2907243	NT	72	5'-AGAAAACAACAACGACGAGA-3'
ACX60_RS13780	ACX60_13785	WP_000061132.1	-	2908472	2908452	AGG	2908432	2908451	T	-40	5'-ATTCTTCCTAAATCGTAAAT-3'
ACX60_RS13780	ACX60_13785	WP_000061132.1	-	2908472	2908511	CCT	2908512	2908531	NT	59	5'-TAGAAATAGGTGAGCTATGT-3'
ACX60_RS13785	ACX60_13790	WP_001105541.1	+	2908542	2908511	CCT	2908512	2908531	T	-30	5'-TAGAAATAGGTGAGCTATGT-3'
ACX60_RS13825	ACX60_13830	WP_000837119.1	-	2919560	2919547	CCT	2919548	2919567	NT	-12	5'-AAAGAGTGTGATAATAAACA-3'
ACX60_RS13825	ACX60_13830	WP_000837119.1	-	2919560	2919614	AGG	2919594	2919613	T	53	5'-TGCTTTATTTCTTTAAATAC-3'
ACX60_RS13825	ACX60_13830	WP_000837119.1	-	2919560	2919654	AGG	2919634	2919653	T	93	5'-AAACTCGCTCATTTTGTAGT-3'
ACX60_RS13860	ACX60_13865	WP_001039371.1	-	2926907	2926895	TGG	2926875	2926894	T	-32	5'-TCATATTTTTGCCTAATTTA-3'
	sRNA90		+	2926981	2927067	CGG	2927047	2927066	NT	85	5'-ATTACGACTCTTTCTTCCTT-3'
ACX60_RS13875	ACX60_13880	WP_000152335.1	+	2928326	2928359	CCG	2928360	2928379	T	53	5'-AGAAGTATGTAGAAAATGTA-3'
	sRNA91		-	2933342	2933386	AGG	2933366	2933385	T	43	5'-TTGTCTGCCATAGCCGCAAA-3'
ACX60_RS13955	ACX60_13960	WP_000093035.1	-	2947560	2947515	CCT	2947516	2947535	NT	-44	5'-ACAAAACACTCAAAGTGAGG-3'
ACX60_RS13960	ACX60_13965	WP_001202415.1	+	2947715	2947723	TGG	2947703	2947722	NT	-12	5'-TATAGTTGAACAACTTTCTA-3'
ACX60_RS13970	ACX60_13975	WP_001181637.1	+	2949806	2949778	TGG	2949758	2949777	NT	-48	5'-TATAAATCACGCTAGAGAAT-3'
ACX60_RS14000	ACX60_14005	WP_000127830.1	+	2956102	2956174	CGG	2956154	2956173	NT	71	5'-ATTGATTTAACGCTATTGGT-3'
ACX60_RS14015	ACX60_14020	WP_000844343.1	-	2959391	2959459	CCA	2959460	2959479	NT	88	5'-AGGTCTTTAAAAAAACTGAC-3'
ACX60_RS14045	ACX60_14050	WP_001138055.1	-	2966330	2966326	AGG	2966306	2966325	T	-24	5'-AAAGAAAACACCTCTTTTTA-3'
ACX60_RS14055	ACX60_14060	WP_000160011.1	+	2967995	2968036	CCT	2968037	2968056	T	61	5'-ATGAGCAGCTATTAAATGAT-3'
ACX60_RS14070	ACX60_14075	WP_000838110.1	+	2970913	2970913	CCA	2970914	2970933	T	20	5'-TAGTAAATAAGTTCATCTAT-3'
ACX60_RS14085	ACX60_14090	WP_000139297.1	-	2974638	2974695	CCC	2974696	2974715	NT	77	5'-ATCATATTTGTTCATTTGGT-3'
ACX60_RS14085	ACX60_14090	WP_000139297.1	-	2974638	2974699	CCA	2974700	2974719	NT	81	5'-CTGAATCATATTTGTTCATT-3'
	ACX60_19000		-	2985201	2985174	CCA	2985175	2985194	NT	-26	5'-GAGCCGGATGGTCGCTGCTG-3'
ACX60_RS14140	ACX60_14145	WP_001979799.1	-	2986007	2985986	CCG	2985987	2986006	NT	-20	5'-CAATACAATTAGAGTACTAG-3'
ACX60_RS14170	ACX60_14175	WP_000056817.1	+	2990558	2990561	CCT	2990562	2990581	T	23	5'-GTTTAAACTAATGATGCGAT-3'
ACX60_RS14170	ACX60_14175	WP_000056817.1	+	2990558	2990598	TGG	2990578	2990597	NT	39	5'-AAACACGGTTATCTGAATTA-3'
ACX60_RS14200	ACX60_14205		+	2997073	2997044	CCT	2997045	2997064	T	-28	5'-CATTACAGGTGGAAAATGGC-3'
ACX60_RS14200	ACX60_14205		+	2997073	2997078	GGG	2997058	2997077	NT	-15	5'-TGTAATGATGATTGTATTAG-3'
ACX60_RS14210	ACX60_14215		+	2997335	2997399	CCA	2997400	2997419	T	84	5'-AAGTAGATGGCAGGGGCGGC-3'
ACX60_RS14230	ACX60_14235	WP_000065594.1	+	2999452	2999434	AGG	2999414	2999433	NT	-38	5'-GCTTGCTATCTTGCTTTTTT-3'
ACX60_RS14230	ACX60_14235	WP_000065594.1	+	2999452	2999472	AGG	2999452	2999471	NT	0	5'-AGCCACCTAGCCGGCGGCAA-3'
ACX60_RS14260	ACX60_14265	WP_001247947.1	-	3005553	3005599	AGG	3005579	3005598	T	45	5'-GATGCCTCTGCTATCAATTG-3'
ACX60_RS14260	ACX60_14265	WP_001247947.1	-	3005553	3005585	CCT	3005586	3005605	NT	52	5'-TCAACCTCAATTGATAGCAG-3'
ACX60_RS14295	ACX60_14300	WP_000550445.1	+	3009530	3009580	CGG	3009560	3009579	NT	49	5'-GCTGCATTTACATGTACATC-3'
ACX60_RS14355	ACX60_14360	WP_000528267.1	-	3022139	3022132	CCT	3022133	3022152	NT	-6	5'-CCATAATAGACTCATACGAT-3'
ACX60_RS14360	ACX60_14365	WP_001214863.1	-	3024469	3024448	CCA	3024449	3024468	NT	-20	5'-TATCTAGTCGCAGCTCAGGG-3'
ACX60_RS14425	ACX60_14430	WP_000724345.1	-	3042270	3042260	CCA	3042261	3042280	NT	-9	5'-TAATGGAAATGTGGAAAAGT-3'
ACX60_RS14435	ACX60_14440	WP_001248741.1	-	3044594	3044634	TGG	3044614	3044633	T	39	5'-AAAAGCAATTATGAAAACAA-3'
ACX60_RS14440	ACX60_14445	WP_000985727.1	-	3045482	3045459	CCA	3045460	3045479	NT	-22	5'-TATATTACTTAAATACAATT-3'
ACX60_RS14465	ACX60_14470	WP_000206127.1	+	3049372	3049350	CCT	3049351	3049370	T	-21	5'-TGGAAGATTTTAACTGATGC-3'
ACX60_RS14465	ACX60_14470	WP_000206127.1	+	3049372	3049429	CCC	3049430	3049449	T	77	5'-TGGACCATTGGCATAAGGGA-3'
ACX60_RS14465	ACX60_14470	WP_000206127.1	+	3049372	3049457	TGG	3049437	3049456	NT	84	5'-TGCCAATGGTCCAATTCATA-3'
ACX60_RS14465	ACX60_14470	WP_000206127.1	+	3049372	3049441	CCA	3049442	3049461	T	89	5'-ACCCATATGAATTGGACCAT-3'
ACX60_RS14465	ACX60_14470	WP_000206127.1	+	3049372	3049470	CGG	3049450	3049469	NT	97	5'-ATTCATATGGGTCATTTACT-3'
ACX60_RS14500	ACX60_14505	WP_005135765.1	+	3057155	3057117	CCT	3057118	3057137	T	-37	5'-GCCAGCACTTACTCATGCTA-3'
ACX60_RS14500	ACX60_14505	WP_005135765.1	+	3057155	3057226	AGG	3057206	3057225	NT	70	5'-GATGTCATTGTCTTAGGTGC-3'
ACX60_RS14505	ACX60_14510	WP_000071495.1	-	3058633	3058732	CGG	3058712	3058731	T	98	5'-TTTTCGCCAGTAGAACCAAA-3'
ACX60_RS14520	ACX60_14525	WP_000543705.1	+	3061094	3061079	AGG	3061059	3061078	NT	-35	5'-GCCCTTACTTTTTATAAAAT-3'
ACX60_RS14520	ACX60_14525	WP_000543705.1	+	3061094	3061094	CCC	3061095	3061114	T	20	5'-TGAGTAGCTTTAAAACAAGG-3'
ACX60_RS14615	ACX60_14620	WP_001274550.1	+	3080425	3080492	CCT	3080493	3080512	T	87	5'-AAACATTCATCATAATTCAG-3'
ACX60_RS14650	ACX60_14655	WP_000025826.1	+	3090599	3090661	TGG	3090641	3090660	NT	61	5'-AACATCTCAAACAAATCACA-3'
	sRNA93		-	3104996	3104974	CCC	3104975	3104994	NT	-21	5'-ACCACTATGGTAGGACGAGA-3'
ACX60_RS14690	ACX60_14695	WP_001142566.1	-	3105714	3105771	CCC	3105772	3105791	NT	77	5'-TTACCAATAAGTGGTATAAA-3'
ACX60_RS14720	ACX60_14725	WP_000221133.1	+	3111260	3111260	AGG	3111240	3111259	NT	-20	5'-GAATCTTTTATACTGTTCAG-3'
ACX60_RS14810	ACX60_14815		-	3131148	3131173	CCC	3131174	3131193	NT	45	5'-CAATAGGTGTTGACGTCTGA-3'
ACX60_RS14810	ACX60_14815		-	3131148	3131214	CCT	3131215	3131234	NT	86	5'-TGTTAAATATACATTTGATA-3'
ACX60_RS14830	ACX60_14835	WP_000927479.1	-	3134710	3134702	CCT	3134703	3134722	NT	-7	5'-TAAACTGAGTCTTCACATAA-3'
ACX60_RS14850	ACX60_14855	WP_000018540.1	-	3138948	3139011	AGG	3138991	3139010	T	62	5'-ATCTTAGATGATTGTTATTG-3'
ACX60_RS14855	ACX60_14860	WP_000174928.1	-	3139863	3139819	CCG	3139820	3139839	NT	-43	5'-AATGACAGTAAAAATTTTAG-3'
ACX60_RS14855	ACX60_14860	WP_000174928.1	-	3139863	3139848	AGG	3139828	3139847	T	-35	5'-TTTACTGTCATTAATGATCT-3'
ACX60_RS14860	ACX60_14865	WP_000216417.1	-	3140914	3140913	AGG	3140893	3140912	T	-21	5'-CTGGCTAAAAATTTAAGGAG-3'
ACX60_RS14885	ACX60_14890	WP_000548450.1	-	3145244	3145244	CGG	3145224	3145243	T	-20	5'-GTATTCAATCAGATTAAAAA-3'
ACX60_RS14930	ACX60_14935	WP_000889480.1	-	3155533	3155606	CGG	3155586	3155605	T	72	5'-TTTGCCAATTACCCGATAAA-3'
ACX60_RS14930	ACX60_14935	WP_000889480.1	-	3155533	3155611	CGG	3155591	3155610	T	77	5'-CAATTACCCGATAAACGGTA-3'
ACX60_RS14945	ACX60_14950	WP_000218885.1	-	3159603	3159588	AGG	3159568	3159587	T	-35	5'-GTCGCATCAATTTACCCACA-3'
ACX60_RS14960	ACX60_14965	WP_000357156.1	-	3161911	3161900	CCT	3161901	3161920	NT	-10	5'-AATACTTCGTTTTACACCGT-3'
ACX60_RS14995	ACX60_15000		-	3169913	3169941	CCC	3169942	3169961	NT	48	5'-TATAAAAAGGGGTTGCAAAG-3'
ACX60_RS14995	ACX60_15000		-	3169913	3169954	CCT	3169955	3169974	NT	61	5'-TGATATGAATTGCTATAAAA-3'
ACX60_RS15010	ACX60_15015	WP_000273589.1	+	3172180	3172264	TGG	3172244	3172263	NT	83	5'-ACGCATATTTTCAAGCTTAT-3'
ACX60_RS15025	ACX60_15030	WP_000266123.1	+	3174103	3174121	AGG	3174101	3174120	NT	-2	5'-AAGCACCCATTAGTTTTCTG-3'
ACX60_RS15055	ACX60_15060	WP_000276872.1	+	3181404	3181443	TGG	3181423	3181442	NT	38	5'-TTCAATGCCACCATTTGTCT-3'
ACX60_RS15055	ACX60_15060	WP_000276872.1	+	3181404	3181432	CCA	3181433	3181452	T	48	5'-CCATCAACCAAGACAAATGG-3'
ACX60_RS15110	ACX60_15115	WP_000703066.1	-	3196118	3196143	CCG	3196144	3196163	NT	45	5'-ATGGATAAACTTCATCAATA-3'
ACX60_RS15135	ACX60_15140	WP_000124858.1	-	3199082	3199147	CCC	3199148	3199167	NT	85	5'-AGGTTTTTCTCATTTCTAAA-3'
ACX60_RS15160	ACX60_15165	WP_031944406.1	-	3204449	3204426	CGG	3204406	3204425	T	-43	5'-CAAGCCTCAAAATATAAAAA-3'
ACX60_RS15235	ACX60_15240	WP_001212169.1	-	3219522	3219517	CGG	3219497	3219516	T	-25	5'-CTCATGATCAACACCTAAAT-3'
ACX60_RS15235	ACX60_15240	WP_001212169.1	-	3219522	3219512	CCT	3219513	3219532	NT	-9	5'-CAATAGTGCCACCCCGATTT-3'
ACX60_RS15245	ACX60_15250	WP_000064536.1	+	3222551	3222535	CCA	3222536	3222555	T	-15	5'-TCGATAAGCGGAGCATAGCA-3'
ACX60_RS15300	ACX60_15305	WP_000106686.1	+	3232539	3232523	CCC	3232524	3232543	T	-15	5'-AGAAAGGGCAGCATTATACG-3'
ACX60_RS15305	ACX60_15310	WP_001191171.1	+	3233656	3233659	TGG	3233639	3233658	NT	-17	5'-TTGAGTATATTCGCAAATGT-3'
	sRNA94		-	3253976	3253933	CCT	3253934	3253953	NT	-42	5'-TGTCGCAGACCGATTAGTAA-3'
ACX60_RS15400	ACX60_15405	WP_000422094.1	+	3260258	3260319	CCG	3260320	3260339	T	81	5'-AAGTAAAATTGCTGTTGTAA-3'
ACX60_RS15455	ACX60_15460	WP_001173998.1	+	3273537	3273524	CCA	3273525	3273544	T	-12	5'-TAGAGTATAGCGTATATAGA-3'
ACX60_RS15455	ACX60_15460	WP_001173998.1	+	3273537	3273588	TGG	3273568	3273587	NT	50	5'-TTAGGTGACTTGTGGAACGC-3'
ACX60_RS15565	ACX60_15570	WP_000933373.1	-	3292185	3292186	CGG	3292166	3292185	T	-19	5'-TAGATTATTTTATAAAAAAA-3'
ACX60_RS15570	ACX60_15575	WP_000258009.1	-	3293890	3293862	CCC	3293863	3293882	NT	-27	5'-TTACGCTGTTAAAAATATCG-3'
ACX60_RS15570	ACX60_15575	WP_000258009.1	-	3293890	3293864	CCG	3293865	3293884	NT	-25	5'-AATTACGCTGTTAAAAATAT-3'
ACX60_RS15650	ACX60_15655	WP_001084477.1	+	3310234	3310236	TGG	3310216	3310235	NT	-18	5'-ACTGCTACTATCGTAGTCAT-3'
ACX60_RS15680	ACX60_15685	WP_000365488.1	+	3318685	3318725	AGG	3318705	3318724	NT	39	5'-ACAATTAATGCCTTTTGATC-3'
ACX60_RS15680	ACX60_15685	WP_000365488.1	+	3318685	3318773	TGG	3318753	3318772	NT	87	5'-AGGACTTGGGTATTTCAACG-3'
ACX60_RS15715	ACX60_15720	WP_000289452.1	-	3329096	3329057	CCT	3329058	3329077	NT	-38	5'-CTACTAACTAATTTTTATCG-3'
ACX60_RS15715	ACX60_15720	WP_000289452.1	-	3329096	3329170	AGG	3329150	3329169	T	73	5'-AAATTGAAGGACGTATTTTT-3'
ACX60_RS15735	ACX60_15740	WP_000978841.1	+	3334742	3334730	TGG	3334710	3334729	NT	-32	5'-TTTGGAAAGGATACCTAGCT-3'
ACX60_RS15735	ACX60_15740	WP_000978841.1	+	3334742	3334818	CCG	3334819	3334838	T	96	5'-TCTTCAAATTGGAACTTTTG-3'
ACX60_RS15750	ACX60_15755	WP_000751692.1	+	3337254	3337225	CCC	3337226	3337245	T	-28	5'-TGTTACGTGTTTTTTGAAAG-3'
ACX60_RS15805	ACX60_15810	WP_000881940.1	+	3348157	3348155	CCA	3348156	3348175	T	-1	5'-GTTCATGGATTAATAAACCG-3'
ACX60_RS15805	ACX60_15810	WP_000881940.1	+	3348157	3348208	CCG	3348209	3348228	T	71	5'-ACGCATAACACTCTCGAGTT-3'
ACX60_RS15835	ACX60_15840	WP_001011664.1	-	3353278	3353261	CGG	3353241	3353260	T	-37	5'-ATAGAAACGATTTCAAACAT-3'
ACX60_RS15840	ACX60_15845	WP_049594858.1	-	3354489	3354493	CCG	3354494	3354513	NT	24	5'-ATTTAGAGCGCTAGAATACT-3'
ACX60_RS15855	ACX60_15860	WP_001088254.1	+	3356871	3356871	CCT	3356872	3356891	T	20	5'-TAAACGGATGAATTCATTCA-3'
ACX60_RS15875	ACX60_15880	WP_000027403.1	-	3360179	3360168	CCA	3360169	3360188	NT	-10	5'-GCTAAGAATAGCCATATAGA-3'
ACX60_RS15940	ACX60_15945	WP_000886297.1	+	3372255	3372312	CGG	3372292	3372311	NT	56	5'-CAAAAGCAGCCTTATACGCC-3'
ACX60_RS15950	ACX60_15955	WP_000867093.1	-	3376117	3376156	CCA	3376157	3376176	NT	59	5'-TGACCTATTTAGATATAAAT-3'
	sRNA97		-	3376544	3376542	CCG	3376543	3376562	NT	-1	5'-AACCCGTATTCTACATTCAT-3'
ACX60_RS15960	ACX60_15965	WP_000639217.1	+	3377899	3377945	AGG	3377925	3377944	NT	45	5'-AGGCAAAATGACATGAAAGT-3'
ACX60_RS15960	ACX60_15965	WP_000639217.1	+	3377899	3377968	TGG	3377948	3377967	NT	68	5'-TCTGGTCGGTTGGCGCGGGA-3'
ACX60_RS15960	ACX60_15965	WP_000639217.1	+	3377899	3377995	TGG	3377975	3377994	NT	95	5'-TTCCGTCCTTATGCAACGTA-3'
ACX60_RS15965	ACX60_15970	WP_000862762.1	+	3379165	3379189	AGG	3379169	3379188	NT	23	5'-GAACGACTTTACGACTGATC-3'
ACX60_RS15990	ACX60_15995	WP_002009591.1	+	3384998	3384998	CCT	3384999	3385018	T	20	5'-ACCTGATGATCAAATTGGAA-3'
ACX60_RS16030	ACX60_16035	WP_001284190.1	+	3390753	3390749	TGG	3390729	3390748	NT	-24	5'-CTGCAAGCATGATACGATTT-3'
ACX60_RS16045	ACX60_16050	WP_000567254.1	+	3393041	3393072	CCA	3393073	3393092	T	51	5'-GTCGAGTTGCATGTTTGACA-3'
ACX60_RS16090	ACX60_16095	WP_001089412.1	+	3404946	3404974	AGG	3404954	3404973	NT	27	5'-CACCGTAAGTGAACATCTAA-3'
ACX60_RS16090	ACX60_16095	WP_001089412.1	+	3404946	3404958	CCG	3404959	3404978	T	32	5'-TCCCTTTAGATGTTCACTTA-3'
ACX60_RS16085	ACX60_16090	WP_000054126.1	-	3405060	3405061	AGG	3405041	3405060	T	-19	5'-AAGAATTATGCCGACGCCGA-3'
ACX60_RS16095	ACX60_16100	WP_000827318.1	+	3408954	3409012	TGG	3408992	3409011	NT	57	5'-TGGTGAACCATGAAAACTAT-3'
ACX60_RS16165	ACX60_16170	WP_000291732.1	-	3422926	3422908	CCG	3422909	3422928	NT	-17	5'-CGATCAATAATAATAGGAGC-3'
ACX60_RS16225	ACX60_16230	WP_000003406.1	+	3432416	3432470	CCG	3432471	3432490	T	74	5'-AAGCCTCGCATACCCCACGA-3'
ACX60_RS16295	ACX60_16300	WP_000061670.1	-	3449521	3449505	CCG	3449506	3449525	NT	-15	5'-CAACTTGCTGTAGTGATGCA-3'
ACX60_RS16295	ACX60_16300	WP_000061670.1	-	3449521	3449548	TGG	3449528	3449547	T	26	5'-TATTTTAAGGTATCTATATA-3'
ACX60_RS16330	ACX60_16335	WP_000003544.1	+	3463156	3463189	CCT	3463190	3463209	T	53	5'-GCAGCGAGTTTAGACATGTA-3'
ACX60_RS16335	ACX60_16340	WP_000039800.1	+	3464009	3463974	CCT	3463975	3463994	T	-34	5'-CAGATTTTGTCTATTTTTAC-3'
ACX60_RS16355	ACX60_16360	WP_000856574.1	+	3468841	3468888	TGG	3468868	3468887	NT	46	5'-ATTTATAGTTCATATTTCTT-3'
ACX60_RS16370	ACX60_16375	WP_000764535.1	+	3472744	3472695	CCA	3472696	3472715	T	-48	5'-AAATCTGATGTTATTACATG-3'
ACX60_RS16420	ACX60_16425	WP_000777730.1	-	3484660	3484708	AGG	3484688	3484707	T	47	5'-TGGTTCAAAGTTGGTGCGGA-3'
ACX60_RS16420	ACX60_16425	WP_000777730.1	-	3484660	3484724	CCC	3484725	3484744	NT	84	5'-GGTAGTGCTTTCGGGCGTGG-3'
ACX60_RS16425	ACX60_16430		-	3484783	3484767	CCA	3484768	3484787	NT	-15	5'-AGCTGCGGTGGTGGTGGAAT-3'
ACX60_RS16460	ACX60_16465	WP_000874127.1	-	3491635	3491632	AGG	3491612	3491631	T	-23	5'-AGACTGCATAAAAACTAGGA-3'
ACX60_RS16460	ACX60_16465	WP_000874127.1	-	3491635	3491683	CCA	3491684	3491703	NT	68	5'-TGTAAGTGTGGCAACGGGTA-3'
ACX60_RS16460	ACX60_16465	WP_000874127.1	-	3491635	3491695	CCA	3491696	3491715	NT	80	5'-ACAAAGTTTAAATGTAAGTG-3'
ACX60_RS16505	ACX60_16510	WP_000503613.1	-	3500772	3500737	CCG	3500738	3500757	NT	-34	5'-GAGAAAGTGGTTTATTCTAC-3'
ACX60_RS16510	ACX60_16515	WP_000925021.1	+	3500867	3500910	AGG	3500890	3500909	NT	42	5'-GAGCGTAAAATATTTAAATC-3'
ACX60_RS16525	ACX60_16530	WP_002058701.1	-	3504216	3504264	AGG	3504244	3504263	T	47	5'-ATCGAGAAAGTAGATTACTT-3'
ACX60_RS16540	ACX60_16545	WP_012300759.1	-	3507679	3507664	CCA	3507665	3507684	NT	-14	5'-GCGCGGTTTTTTCGAAGACT-3'
ACX60_RS16580	ACX60_16585	WP_001248893.1	+	3517962	3518029	CCC	3518030	3518049	T	87	5'-CATAATACCGCAGCATACGT-3'
ACX60_RS16580	ACX60_16585	WP_001248893.1	+	3517962	3518057	AGG	3518037	3518056	NT	94	5'-CTGCGGTATTATGAAAATTT-3'
ACX60_RS16620	ACX60_16625	WP_000472944.1	-	3527535	3527559	CCT	3527560	3527579	NT	44	5'-CGATATTTTCGGCTTCATAG-3'
ACX60_RS16640	ACX60_16645	WP_001034851.1	-	3530096	3530135	CCC	3530136	3530155	NT	59	5'-CTCTTAATTTATTACTTAAT-3'
ACX60_RS16640	ACX60_16645	WP_001034851.1	-	3530096	3530181	TGG	3530161	3530180	T	84	5'-TAATAGACTTTTTGTAAAAA-3'
ACX60_RS16740	ACX60_16745	WP_000870030.1	-	3551405	3551366	CCA	3551367	3551386	NT	-38	5'-AAGGATGATAATTTGCATGT-3'
ACX60_RS16770	ACX60_16775	WP_000897412.1	-	3556424	3556428	CCC	3556429	3556448	NT	24	5'-AAGGGATCAAGTTAAGTTTA-3'
ACX60_RS16770	ACX60_16775	WP_000897412.1	-	3556424	3556502	TGG	3556482	3556501	T	77	5'-AGATGAATACAGGTTAAAGT-3'
	sRNA103		+	3560294	3560372	CGG	3560352	3560371	NT	77	5'-CTGAACTTCCCCCCAAAGTT-3'
	sRNA103		+	3560294	3560362	CCC	3560363	3560382	T	88	5'-AAAATGTCCCGAACTTTGGG-3'
ACX60_RS16810	ACX60_16815	WP_000624467.1	-	3564216	3564220	CCT	3564221	3564240	NT	24	5'-TGTTAGAAATCTTTATTATT-3'
ACX60_RS16820	ACX60_16825	WP_000987368.1	+	3565420	3565482	CCA	3565483	3565502	T	82	5'-AACGGTACTTGTGATCAAAC-3'
ACX60_RS16820	ACX60_16825	WP_000987368.1	+	3565420	3565513	AGG	3565493	3565512	NT	92	5'-AAGTACCGTTGAACCTGATC-3'
ACX60_RS16835	ACX60_16840	WP_000143915.1	+	3569223	3569233	AGG	3569213	3569232	NT	-10	5'-TAGATAATACGTGTATGATG-3'
ACX60_RS16835	ACX60_16840	WP_000143915.1	+	3569223	3569248	TGG	3569228	3569247	NT	24	5'-TGATGAGGAATGCCCTATTA-3'
ACX60_RS16835	ACX60_16840	WP_000143915.1	+	3569223	3569303	AGG	3569283	3569302	NT	79	5'-CATACAGAAGTTGTAGTAGA-3'
ACX60_RS16850	ACX60_16855	WP_000907680.1	-	3573417	3573394	CCC	3573395	3573414	NT	-22	5'-CTGTCGATTGATAAATTGTG-3'
ACX60_RS16875	ACX60_16880	WP_000608734.1	+	3577106	3577155	CCC	3577156	3577175	T	69	5'-GGCAAGAAAAATTTGAGATC-3'
ACX60_RS16895	ACX60_16900	WP_000025647.1	+	3582021	3582059	AGG	3582039	3582058	NT	37	5'-CTTGTTTTTTGAAAGAAAGG-3'
ACX60_RS16925	ACX60_16930	WP_000881094.1	-	3590803	3590790	AGG	3590770	3590789	T	-33	5'-ATCAAATTAATACTTCCAAA-3'
ACX60_RS17070	ACX60_17075	WP_000975215.1	+	3619479	3619529	AGG	3619509	3619528	NT	49	5'-CAGGATTTATCGTTTTTATG-3'
ACX60_RS17095	ACX60_17100	WP_000411991.1	-	3626738	3626774	AGG	3626754	3626773	T	35	5'-TGGGCTATGTTACAGACACA-3'
ACX60_RS17105	ACX60_17110	WP_000366681.1	-	3628926	3628992	CCA	3628993	3629012	NT	86	5'-ATGAAACAACCTTGTATATG-3'
ACX60_RS17115	ACX60_17120	WP_000194005.1	-	3631230	3631297	CCA	3631298	3631317	NT	87	5'-ATTCATGTTTTGTATGGGTT-3'
ACX60_RS17115	ACX60_17120	WP_000194005.1	-	3631230	3631302	CCC	3631303	3631322	NT	92	5'-GAAAGATTCATGTTTTGTAT-3'
ACX60_RS17125	ACX60_17130	WP_001089658.1	+	3632096	3632106	CCG	3632107	3632126	T	30	5'-ATTTAGAGCAGCTATATAAC-3'
ACX60_RS17140	ACX60_17145	WP_001226142.1	+	3635802	3635773	CCT	3635774	3635793	T	-28	5'-TTTATGAAGAGTTCGTAGGC-3'
	sRNA105		-	3659945	3659945	TGG	3659925	3659944	T	-20	5'-TAAAAGAGCATCTTTCGTAG-3'
ACX60_RS17280	ACX60_17285	WP_000786957.1	+	3664105	3664168	CCA	3664169	3664188	T	83	5'-TCGCCTGAAATAGCTTTTAC-3'
ACX60_RS17280	ACX60_17285	WP_000786957.1	+	3664105	3664191	CGG	3664171	3664190	NT	85	5'-AAAAGCTATTTCAGGCGAAA-3'
ACX60_RS17285	ACX60_17290	WP_000194676.1	+	3664806	3664816	TGG	3664796	3664815	NT	-10	5'-TAGTACCTACTTGCTTCTGT-3'
ACX60_RS17285	ACX60_17290	WP_000194676.1	+	3664806	3664850	AGG	3664830	3664849	NT	43	5'-GTTATGAAGAAAGTTTTACA-3'
ACX60_RS17375	ACX60_17380	WP_000623102.1	+	3680403	3680371	CCC	3680372	3680391	T	-31	5'-GCAAATTTCCTATGAGTTAG-3'
ACX60_RS17375	ACX60_17380	WP_000623102.1	+	3680403	3680477	CCC	3680478	3680497	T	94	5'-AAGCACACCTTCTTGCTGAA-3'
ACX60_RS17385	ACX60_17390	WP_000467261.1	-	3683808	3683781	CCA	3683782	3683801	NT	-26	5'-ATTTATATCCATCCCACAAA-3'
ACX60_RS17435	ACX60_17440	WP_000421340.1	-	3692426	3692428	CGG	3692408	3692427	T	-18	5'-TTTCCACATTAGTAAAGATG-3'
ACX60_RS17460	ACX60_17465	WP_000051228.1	+	3694876	3694872	CGG	3694852	3694871	NT	-24	5'-TTTGCTTAATGTATTATAAG-3'
ACX60_RS17560	ACX60_17565	WP_001092389.1	+	3722684	3722719	TGG	3722699	3722718	NT	34	5'-GACAATAACAAAAATGAAAG-3'
ACX60_RS17615	ACX60_17620	WP_001078193.1	-	3735405	3735398	TGG	3735378	3735397	T	-27	5'-GCATGGTCGTGAAACAGCAA-3'
ACX60_RS17615	ACX60_17620	WP_001078193.1	-	3735405	3735472	CCA	3735473	3735492	NT	87	5'-AAGATTTTCTGAGTTTCACG-3'
ACX60_RS17620	ACX60_17625	WP_001130507.1	-	3736217	3736309	CGG	3736289	3736308	T	91	5'-AAGTCGCTGAAACTATTTTT-3'
ACX60_RS17625	ACX60_17630	WP_000428561.1	+	3736961	3737059	TGG	3737039	3737058	NT	97	5'-AAAGCCGTAGCACATAAGTT-3'
ACX60_RS17625	ACX60_17630	WP_000428561.1	+	3736961	3737039	CCA	3737040	3737059	T	98	5'-AAACTTATGTGCTACGGCTT-3'
	sRNA108		+	3746526	3746536	AGG	3746516	3746535	NT	-10	5'-ATATGAAGTCATACAGGAAC-3'
ACX60_RS17700	ACX60_17705	WP_001118924.1	-	3756987	3757022	AGG	3757002	3757021	T	34	5'-GGGATGAATGAAAAAAATCA-3'
ACX60_RS17705	ACX60_17710	WP_001153625.1	+	3757400	3757413	TGG	3757393	3757412	NT	-7	5'-ATTGAGCATCGACATAGTTG-3'
ACX60_RS17775	ACX60_17780	WP_000053677.1	-	3775810	3775799	CCG	3775800	3775819	NT	-10	5'-ATATATAAGTTTAACTTTTC-3'
ACX60_RS17830	ACX60_17835	WP_001075972.1	+	3787358	3787385	TGG	3787365	3787384	NT	26	5'-TAGACTCAAATGATTATTTT-3'
ACX60_RS17830	ACX60_17835	WP_001075972.1	+	3787358	3787392	CCC	3787393	3787412	T	54	5'-GGTAAGGCTTTACTCATAAA-3'
ACX60_RS17840	ACX60_17845	WP_000724220.1	-	3790478	3790442	CCA	3790443	3790462	NT	-35	5'-AGGTGAGTACGATGGCATTA-3'
ACX60_RS17955	ACX60_17960	WP_002027522.1	-	3812242	3812323	TGG	3812303	3812322	T	80	5'-TGTTGTAAAGCCACCAAACA-3'
ACX60_RS17965	ACX60_17970	WP_000828377.1	+	3813604	3813604	CCC	3813605	3813624	T	20	5'-AAATATGGCTATTTTTGCAA-3'
ACX60_RS18025	ACX60_18030	WP_002009385.1	-	3827338	3827329	AGG	3827309	3827328	T	-29	5'-CTCATGCAATCAAGATACAA-3'
ACX60_RS18035	ACX60_18040	WP_001274775.1	-	3828225	3828232	CCT	3828233	3828252	NT	27	5'-GAAAAAAAATTGTGAATTAT-3'
ACX60_RS18035	ACX60_18040	WP_001274775.1	-	3828225	3828269	TGG	3828249	3828268	T	43	5'-TTTCTCAACGTGCGTATCAT-3'
ACX60_RS18050	ACX60_18055	WP_000380238.1	+	3830490	3830476	CCC	3830477	3830496	T	-13	5'-CATTAATAGGGATGAAGTAT-3'
ACX60_RS18055	ACX60_18060	WP_001262789.1	+	3831263	3831363	AGG	3831343	3831362	NT	99	5'-TCATGTGTTGCTGTACTTGA-3'
ACX60_RS18065	ACX60_18070	WP_000714217.1	+	3834651	3834731	AGG	3834711	3834730	NT	79	5'-CTTTGCTTTTTCTAATTTTC-3'
ACX60_RS18075	ACX60_18080	WP_000122920.1	-	3837454	3837465	TGG	3837445	3837464	T	-9	5'-TTGTAAGTACCATACCATTA-3'
ACX60_RS18085	ACX60_18090	WP_000361796.1	-	3839817	3839856	CCC	3839857	3839876	NT	59	5'-TGCTTTTTCCACATAAACTT-3'
ACX60_RS18090	ACX60_18095	WP_000994663.1	-	3840323	3840288	CCT	3840289	3840308	NT	-34	5'-TTACATCATCGAGATGATGA-3'
ACX60_RS18105	ACX60_18110	WP_049594871.1	+	3843339	3843311	CCT	3843312	3843331	T	-27	5'-ATGATAAAGAATTAAGCTTA-3'
ACX60_RS18105	ACX60_18110	WP_049594871.1	+	3843339	3843386	CCT	3843387	3843406	T	67	5'-TAATCACATGGAATAAGCTA-3'
ACX60_RS18105	ACX60_18110	WP_049594871.1	+	3843339	3843416	AGG	3843396	3843415	NT	76	5'-CCATGTGATTAATGGGGCTC-3'
ACX60_RS18110	ACX60_18115	WP_000051334.1	+	3844039	3844036	TGG	3844016	3844035	NT	-23	5'-AAAAAATCTGCCATTCTATG-3'
ACX60_RS18110	ACX60_18115	WP_000051334.1	+	3844039	3844079	AGG	3844059	3844078	NT	39	5'-AAACAGAATTTAGTTTGACA-3'
ACX60_RS18115	ACX60_18120	WP_000447689.1	+	3845330	3845379	CGG	3845359	3845378	NT	48	5'-CATAATAGATAACAGCTATT-3'
ACX60_RS18140	ACX60_18145		+	3849836	3849853	AGG	3849833	3849852	NT	-3	5'-ACCATTAACTCAGATTTTCG-3'
ACX60_RS18150	ACX60_18155	WP_000269732.1	-	3851637	3851631	AGG	3851611	3851630	T	-26	5'-CATAAAACCGACTCGGAGGC-3'
ACX60_RS18150	ACX60_18155	WP_000269732.1	-	3851637	3851716	CCA	3851717	3851736	NT	99	5'-TTATGTTCCACGTGAAACAT-3'
